{
  "type": "minecraft:mul",
  "argument1": {
    "type": "minecraft:y_clamped_gradient",
    "from_y": -64,
    "to_y": 320,
    "from_value": 1.5,
    "to_value": -1.5
  },
  "argument2": {
    "type": "minecraft:spline",
    "spline": {
      "coordinate": "minecraft:overworld/continents",
      "points": [
        {
          "location": -1.2,
          "derivative": 0,
          "value": {
            "coordinate": "minecraft:overworld/erosion",
            "points": [
              {
                "derivative": 0.0,
                "location": -0.2,
                "value": {
                  "coordinate": "minecraft:overworld/ridges_folded",
                  "points": [
                    {
                      "derivative": 0.0,
                      "location": -0.8,
                      "value": 1.6
                    },
                    {
                      "derivative": 0.0,
                      "location": -0.4,
                      "value": 3
                    },
                    {
                      "derivative": 0.0,
                      "location": 0.0,
                      "value": 1.6
                    },
                    {
                      "derivative": 0.0,
                      "location": 0.4,
                      "value": 3
                    },
                    {
                      "derivative": 0.0,
                      "location": 0.8,
                      "value": 1.6
                    }
                  ]
                }
              },
              {
                "derivative": 0.0,
                "location": 0,
                "value": 1.4
              },
              {
                "derivative": 0.0,
                "location": 0.2,
                "value": 1
              }
            ]
          }
        },
        {
          "location": -1.16,
          "derivative": 0,
          "value": {
            "coordinate": "minecraft:overworld/erosion",
            "points": [
              {
                "derivative": 0.0,
                "location": -0.2,
                "value": {
                  "coordinate": "minecraft:overworld/ridges_folded",
                  "points": [
                    {
                      "derivative": 0.0,
                      "location": -0.8,
                      "value": 1.3
                    },
                    {
                      "derivative": 0.0,
                      "location": -0.4,
                      "value": 1.6
                    },
                    {
                      "derivative": 0.0,
                      "location": 0.0,
                      "value": 1.3
                    },
                    {
                      "derivative": 0.0,
                      "location": 0.4,
                      "value": 1.6
                    },
                    {
                      "derivative": 0.0,
                      "location": 0.8,
                      "value": 1.3
                    }
                  ]
                }
              },
              {
                "derivative": 0.0,
                "location": 0,
                "value": 1.2
              },
              {
                "derivative": 0.0,
                "location": 0.2,
                "value": 1.2
              }
            ]
          }
        },
        {
          "location": -1.06,
          "derivative": 0,
          "value": {
            "coordinate": "minecraft:overworld/erosion",
            "points": [
              {
                "derivative": 0.0,
                "location": -0.2,
                "value": 1.3
              },
              {
                "derivative": 0.0,
                "location": 0,
                "value": 1.2
              },
              {
                "derivative": 0.0,
                "location": 0.2,
                "value": 1.1
              }
            ]
          }
        },
        {
          "location": -1.05,
          "derivative": 0,
          "value": {
            "coordinate": "minecraft:overworld/erosion",
            "points": [
              {
                "derivative": 0.0,
                "location": -0.2,
                "value": {
                  "coordinate": "minecraft:overworld/ridges_folded",
                  "points": [
                    {
                      "derivative": 0.0,
                      "location": -0.8,
                      "value": 1
                    },
                    {
                      "derivative": 0.0,
                      "location": -0.4,
                      "value": 1.2
                    },
                    {
                      "derivative": 0.0,
                      "location": 0.0,
                      "value": 1
                    },
                    {
                      "derivative": 0.0,
                      "location": 0.4,
                      "value": 1.2
                    },
                    {
                      "derivative": 0.0,
                      "location": 0.8,
                      "value": 1
                    }
                  ]
                }
              },
              {
                "derivative": 0.0,
                "location": 0,
                "value": 1.1
              },
              {
                "derivative": 0.0,
                "location": 0.2,
                "value": 1.1
              }
            ]
          }
        },
        {
          "location": -0.9,
          "derivative": 0,
          "value": {
            "coordinate": "minecraft:overworld/erosion",
            "points": [
              {
                "derivative": 0.0,
                "location": -0.2,
                "value": {
                  "coordinate": "minecraft:overworld/ridges_folded",
                  "points": [
                    {
                      "derivative": 0.0,
                      "location": -0.8,
                      "value": 1
                    },
                    {
                      "derivative": 0.0,
                      "location": -0.4,
                      "value": 1.2
                    },
                    {
                      "derivative": 0.0,
                      "location": 0.0,
                      "value": 1
                    },
                    {
                      "derivative": 0.0,
                      "location": 0.4,
                      "value": 1.2
                    },
                    {
                      "derivative": 0.0,
                      "location": 0.8,
                      "value": 1
                    }
                  ]
                }
              },
              {
                "derivative": 0.0,
                "location": 0,
                "value": 1.1
              },
              {
                "derivative": 0.0,
                "location": 0.2,
                "value": 1.1
              }
            ]
          }
        },
        {
          "location": -0.8,
          "derivative": 0,
          "value": 0.75
        },
        {
          "location": -0.4,
          "derivative": 0,
          "value": 0.8
        },
        {
          "location": -0.275,
          "derivative": 0,
          "value": 0.9
        },
        {
          "location": -0.18,
          "derivative": 0,
          "value": {
            "coordinate": "minecraft:overworld/ridges_folded",
            "points": [
              {
                "derivative": 0.0,
                "location": -1.0,
                "value": 0.9
              },
              {
                "derivative": 0.0,
                "location": -0.5,
                "value": 1.2
              }
            ]
          }
        },
        {
          "location": -0.16,
          "derivative": 0,
          "value": 1
        }
      ]
    }
  }
}
