  [
    {
        "function": "minecraft:copy_custom_data",
        "source": {
          "type": "minecraft:storage",
          "source": "ulg:backpack"
        },
        "ops": [
          {
            "source": "true",
            "target": "ulg.BackPack.Opened",
            "op": "replace"
          }
        ]
      },
      {
        "function": "minecraft:set_custom_model_data",
        "value": {
          "type": "minecraft:storage",
          "storage": "ulg:backpack",
          "path": "intick.BackPackCustomModelData"
        }
      }
]
  