[
    {
      "function": "minecraft:copy_custom_data",
      "source": {
        "type": "minecraft:storage",
        "source": "ulg:macro"
      },
      "ops": [
        {
          "source": "table_modify.to",
          "target": "ulg.BackPack.CustomModelData",
          "op": "replace"
        }
      ]
    },
    {
      "function": "minecraft:set_custom_model_data",
      "value": {
        "type": "minecraft:storage",
        "storage": "ulg:macro",
        "path": "table_modify.to"
      }
    }
  ]