{
  "type": "minecraft:crafting_shaped",
  "category": "equipment",
  "pattern": [
    "#X#",
    "#O#",
    "###"
  ],
  "key": {
    "#": "minecraft:stone",
    "X": "minecraft:command_block",
    "O": "minecraft:diamond"
  },
  "result": {
    "id": "minecraft:command_block",
    "count": 2,
    "components": {
      "minecraft:item_name": "{'text':'Smithing Template'}",
      "lore": [
        "{'color':'gray','italic':false,'text':'Bow/Crossbow Upgrade'}",
        "{'text':' '}",
        "{'color':'gray','italic':false,'text':'Applies to:'}",
        "{'color':'blue','italic':false,'text':' Bows and Crossbows'}",
        "{'color':'gray','italic':false,'text':'Ingredients:'}",
        "{'color':'gray','text':' '}",
        "{'color':'gray','italic':false,'text':'Bow:'}",
        "{'color':'blue','italic':false,'text':' Amethyst Shard → Spiked Bow'}",
        "{'color':'blue','italic':false,'text':\" Rabbit's Foot → Boosting Bow\"}",
        "{'color':'blue','text':' '}",
        "{'color':'gray','italic':false,'text':'Crossbow:'}",
        "{'color':'blue','italic':false,'text':' Amethyst Shard → Spiked Crossbow'}",
        "{'color':'blue','italic':false,'text':' Iron Block → Guarded Crossbow'}",
        "{'color':'blue','italic':false,'text':' Dispenser → Mechanical Crossbow'}"
      ],
      "minecraft:custom_model_data": 529000,
      "minecraft:rarity": "common"
    }
  }
}
