{
  "type": "minecraft:crafting_shaped",
  "category": "equipment",
  "pattern": [
    " # ",
    "# #",
    " # "
  ],
  "key": {
    "#": "minecraft:diamond"
  },
  "result": {
    "id": "minecraft:diamond_pickaxe",
    "count": 1,
    "components": {
      "minecraft:item_name": "{'text':'Diamond Knuckles'}",
      "minecraft:attribute_modifiers": {
        "modifiers": [
          {
            "type": "minecraft:attack_damage",
            "id": "attack_damage",
            "amount": 3,
            "operation": "add_value",
            "slot": "mainhand"
          },
          {
            "type": "minecraft:attack_speed",
            "id": "attack_speed",
            "amount": -1.6,
            "operation": "add_value",
            "slot": "mainhand"
          }
        ],
        "show_in_tooltip": false
      },
      "lore": [
        "{'text':' '}",
        "{'bold':true,'color':'white','italic':false,'text':'[CLOSE COMBAT]'}",
        "{'color':'gray','italic':false,'text':'When knuckles are held in both hands, '}",
        "{'color':'gray','italic':false,'text':'combine their damage bonuses. '}",
        "{'text':' '}",
        "{'color':'gray','italic':false,'text':'When in Main Hand:'}",
        "{'color':'dark_green','italic':false,'text':' 4 Attack Damage'}",
        "{'color':'dark_green','italic':false,'text':' 2.4 Attack Speed'}"
      ],
      "minecraft:custom_data": "{ppg.melee:knuckles_off}",
      "minecraft:custom_model_data": 529000,
      "minecraft:max_stack_size": 1,
      "!minecraft:tool": {}
    }
  }
}
