{
  "type": "minecraft:crafting_shaped",
  "category": "equipment",
  "pattern": [
    " O ",
    "X#X",
    " O "
  ],
  "key": {
    "#": "minecraft:arrow",
    "X": "minecraft:gold_ingot",
    "O": "minecraft:redstone"
  },
  "result": {
    "id": "minecraft:clock",
    "count": 1,
    "components": {
      "minecraft:item_name": "{'text':'Encased Arrow'}",
      "lore": [
        "{'color':'gray','italic':false,'text':'Used to instantly reload'}",
        "{'color':'gray','italic':false,'text':'arrows into a Mechanical Crossbow'}"
      ],
      "minecraft:custom_data": "{ppg.item:encased_arrow}",
      "minecraft:custom_model_data": 529000,
      "minecraft:max_stack_size": 8
    }
  }
}
