{
  "type": "minecraft:crafting_shaped",
  "category": "equipment",
  "pattern": [
    " X ",
    " O ",
    " # "
  ],
  "key": {
    "#": "minecraft:stick",
    "X": "minecraft:gold_ingot",
    "O": "minecraft:golden_axe"
  },
  "result": {
    "id": "minecraft:golden_axe",
    "count": 1,
    "components": {
      "minecraft:item_name": "{'text':'Golden Halberd'}",
      "minecraft:attribute_modifiers": {
        "modifiers": [
          {
            "type": "minecraft:attack_damage",
            "id": "attack_damage",
            "amount": 6,
            "operation": "add_value",
            "slot": "mainhand"
          },
          {
            "type": "minecraft:attack_speed",
            "id": "attack_speed",
            "amount": -3.2,
            "operation": "add_value",
            "slot": "mainhand"
          },
          {
            "type": "minecraft:entity_interaction_range",
            "id": "entity_interaction_range",
            "amount": 0.5,
            "operation": "add_value",
            "slot": "mainhand"
          }
        ],
        "show_in_tooltip": false
      },
      "lore": [
        "{'text':' '}",
        "{'bold':true,'color':'white','italic':false,'text':'[TWO-HANDED]'}",
        "[{'color':'red','italic':false,'text':'-50% Attack Speed '},{'color':'gray','italic':false,'text':'and'},{'color':'red','italic':false,'text':' -30% Movement'}]",
        "[{'color':'red','italic':false,'text':'Speed '},{'color':'gray','text':'when held if Off Hand is not emtpy.'}]",
        "{'text':' '}",
        "{'color':'gray','italic':false,'text':'When in Main Hand:'}",
        "{'color':'dark_green','italic':false,'text':' 7 Attack Damage'}",
        "{'color':'dark_green','italic':false,'text':' 0.8 Attack Speed'}",
        "{'color':'dark_green','italic':false,'text':' +0.5 Entity Reach'}"
      ],
      "minecraft:custom_data": "{ppg.melee:halberd_on}",
      "minecraft:custom_model_data": 529001
    }
  }
}
