{
  "type": "minecraft:crafting_shaped",
  "category": "equipment",
  "pattern": [
    "XXX",
    "X#X",
    " # "
  ],
  "key": {
    "#": "minecraft:stick",
    "X": "minecraft:gold_ingot"
  },
  "result": {
    "id": "minecraft:golden_axe",
    "count": 1,
    "components": {
      "minecraft:item_name": "{'text':'Golden Battle Axe'}",
      "minecraft:attribute_modifiers": {
        "modifiers": [
          {
            "type": "minecraft:attack_damage",
            "id": "attack_damage",
            "amount": 7,
            "operation": "add_value",
            "slot": "mainhand"
          },
          {
            "type": "minecraft:attack_speed",
            "id": "attack_speed",
            "amount": -3.2,
            "operation": "add_value",
            "slot": "mainhand"
          }
        ],
        "show_in_tooltip": false
      },
      "lore": [
        "{'text':' '}",
        "{'color':'gray','italic':false,'text':'When in Main Hand:'}",
        "{'color':'dark_green','italic':false,'text':' 8 Attack Damage'}",
        "{'color':'dark_green','italic':false,'text':' 0.8 Attack Speed'}"
      ],
      "minecraft:custom_model_data": 529000
    }
  }
}
