{
  "type": "minecraft:crafting_shaped",
  "category": "equipment",
  "pattern": [
    " X ",
    " # ",
    " X "
  ],
  "key": {
    "#": "minecraft:stick",
    "X": "minecraft:iron_sword"
  },
  "result": {
    "id": "minecraft:iron_sword",
    "count": 1,
    "components": {
      "minecraft:item_name": "{'text':'Iron Twinblade'}",
      "minecraft:attribute_modifiers": {
        "modifiers": [
          {
            "type": "minecraft:attack_damage",
            "id": "attack_damage",
            "amount": 4,
            "operation": "add_value",
            "slot": "mainhand"
          },
          {
            "type": "minecraft:attack_speed",
            "id": "attack_speed",
            "amount": -2.8,
            "operation": "add_value",
            "slot": "mainhand"
          }
        ],
        "show_in_tooltip": false
      },
      "lore": [
        "{'text':' '}",
        "{'bold':true,'color':'white','italic':false,'text':'[SPIN COMBO]'}",
        "{'color':'gray','italic':false,'text':'Landing consecutive hits on good'}",
        "{'color':'gray','italic':false,'text':'timing increases attack speed until'}",
        "{'color':'gray','italic':false,'text':'a strong heavy attack can be used.'}",
        "{'text':' '}",
        "{'color':'gray','italic':false,'text':'When in Main Hand:'}",
        "{'color':'dark_green','italic':false,'text':' 5 Attack Damage'}",
        "{'color':'dark_green','italic':false,'text':' 1.2 Attack Speed'}"
      ],
      "minecraft:custom_data": "{ppg.item:twinblade}",
      "minecraft:custom_model_data": 529004
    }
  }
}
