{
  "type": "minecraft:crafting_shaped",
  "category": "equipment",
  "pattern": [
    " xX",
    " xX",
    "#Xx"
  ],
  "key": {
    "#": "minecraft:stick",
    "X": "minecraft:copper_ingot",
    "x": "minecraft:iron_nugget"
  },
  "result": {
    "id": "minecraft:wooden_sword",
    "count": 1,
    "components": {
      "minecraft:item_name": "{'text':'Khopesh'}",
      "minecraft:attribute_modifiers": {
        "modifiers": [
          {
            "type": "minecraft:attack_damage",
            "id": "attack_damage",
            "amount": 4,
            "operation": "add_value",
            "slot": "mainhand"
          },
          {
            "type": "minecraft:attack_speed",
            "id": "attack_speed",
            "amount": -2.6,
            "operation": "add_value",
            "slot": "mainhand"
          }
        ],
        "show_in_tooltip": false
      },
      "lore": [
        "{'text':' '}",
        "{'color':'gray','italic':false,'text':'When in Main Hand:'}",
        "{'color':'dark_green','italic':false,'text':' 5 Attack Damage'}",
        "{'color':'dark_green','italic':false,'text':' 1.4 Attack Speed'}"
      ],
      "minecraft:custom_data": "{ppg.melee:khopesh}",
      "minecraft:custom_model_data": 529010
    }
  }
}
