{
  "type": "minecraft:smithing_transform",
  "category": "equipment",
  "template": "minecraft:command_block",
  "base": "minecraft:bow",
  "addition":  "minecraft:amethyst_shard",
  "result": {
    "id": "minecraft:bow",
    "count": 1,
    "components": {
      "minecraft:item_name": "{'text':'Spiked Bow'}",
      "minecraft:custom_model_data": 529000,
      "minecraft:attribute_modifiers": {
        "modifiers": [
          {
            "id": "attack_damage",
            "type": "minecraft:attack_damage",
            "amount": 2,
            "operation": "add_value",
            "slot": "mainhand"
          },
          {
            "id": "attack_speed",
            "type": "minecraft:attack_speed",
            "amount": -1,
            "operation": "add_value",
            "slot": "mainhand"
          }
        ],
        "show_in_tooltip": false
      },
      "lore": [
        "{'text':' '}",
        "{'color':'gray','italic':false,'text':'When in Main Hand:'}",
        "{'color':'dark_green','italic':false,'text':' 3 Attack Damage'}",
        "{'color':'dark_green','italic':false,'text':' 3 Attack Speed'}"
      ]
    }
  }
}
