{
  "type": "minecraft:crafting_shaped",
  "category": "equipment",
  "pattern": [
    " X ",
    "XXX",
    "X#X"
  ],
  "key": {
    "#": "#minecraft:planks",
    "X": "#minecraft:stone_tool_materials"
  },
  "result": {
    "id": "minecraft:shield",
    "count": 1,
    "components": {
      "minecraft:item_name": "{'text':'Stone Guardblade'}",
      "minecraft:attribute_modifiers": {
        "modifiers": [
          {
            "type": "minecraft:attack_damage",
            "id": "attack_damage",
            "amount": 4,
            "operation": "add_value",
            "slot": "mainhand"
          },
          {
            "type": "minecraft:attack_speed",
            "id": "attack_speed",
            "amount": -3,
            "operation": "add_value",
            "slot": "mainhand"
          }
        ],
        "show_in_tooltip": false
      },
      "lore": [
        "{'text':' '}",
        "{'color':'gray','italic':false,'text':'When in Main Hand:'}",
        "{'color':'dark_green','italic':false,'text':' 5 Attack Damage'}",
        "{'color':'dark_green','italic':false,'text':' 1 Attack Speed'}"
      ],
      "minecraft:custom_data": "{ppg.item:guardblade}",
      "minecraft:custom_model_data": 529001
    }
  }
}
