{
  "type": "minecraft:crafting_shaped",
  "category": "equipment",
  "pattern": [
    " OX",
    " # ",
    " # "
  ],
  "key": {
    "#": "minecraft:stick",
    "X": "#minecraft:stone_tool_materials",
    "O": "minecraft:stone_sword"
  },
  "result": {
    "id": "minecraft:stone_sword",
    "count": 1,
    "components": {
      "minecraft:item_name": "{'text':'Stone Naginata'}",
      "minecraft:attribute_modifiers": {
        "modifiers": [
          {
            "type": "minecraft:attack_damage",
            "id": "attack_damage",
            "amount": 3.5,
            "operation": "add_value",
            "slot": "mainhand"
          },
          {
            "type": "minecraft:attack_speed",
            "id": "attack_speed",
            "amount": -2.7,
            "operation": "add_value",
            "slot": "mainhand"
          },
          {
            "type": "minecraft:entity_interaction_range",
            "id": "entity_interaction_range",
            "amount": 0.5,
            "operation": "add_value",
            "slot": "mainhand"
          }
        ],
        "show_in_tooltip": false
      },
      "lore": [
        "{'text':' '}",
        "{'color':'gray','italic':false,'text':'When in Main Hand:'}",
        "{'color':'dark_green','italic':false,'text':' 4.5 Attack Damage'}",
        "{'color':'dark_green','italic':false,'text':' 1.3 Attack Speed'}",
        "{'color':'dark_green','italic':false,'text':' +0.5 Entity Reach'}"
      ],
      "minecraft:custom_model_data": 529000
    }
  }
}
