{
  "type": "minecraft:crafting_shapeless",
  "category": "misc",
  "ingredients": [
    "minecraft:book",
    "#minecraft:axes",
    "#minecraft:swords"
  ],
  "result": {
    "id": "minecraft:knowledge_book",
    "components": {
      "minecraft:recipes": [
        "ppgwe:wooden_naginata",
        "ppgwe:wooden_greatsword",
        "ppgwe:wooden_halberd",
        "ppgwe:wooden_battle_axe",
        "ppgwe:wooden_dao",
        "ppgwe:wooden_guardblade",
        "ppgwe:wooden_knuckles",
        "ppgwe:wooden_twinblade",
        "ppgwe:stone_naginata",
        "ppgwe:stone_greatsword",
        "ppgwe:stone_halberd",
        "ppgwe:stone_battle_axe",
        "ppgwe:stone_dao",
        "ppgwe:stone_guardblade",
        "ppgwe:stone_knuckles",
        "ppgwe:stone_twinblade",
        "ppgwe:iron_naginata",
        "ppgwe:iron_greatsword",
        "ppgwe:iron_halberd",
        "ppgwe:iron_battle_axe",
        "ppgwe:iron_dao",
        "ppgwe:iron_guardblade",
        "ppgwe:iron_knuckles",
        "ppgwe:iron_twinblade",
        "ppgwe:golden_naginata",
        "ppgwe:golden_greatsword",
        "ppgwe:golden_halberd",
        "ppgwe:golden_battle_axe",
        "ppgwe:golden_dao",
        "ppgwe:golden_guardblade",
        "ppgwe:golden_knuckles",
        "ppgwe:golden_twinblade",
        "ppgwe:diamond_naginata",
        "ppgwe:diamond_greatsword",
        "ppgwe:diamond_halberd",
        "ppgwe:diamond_battle_axe",
        "ppgwe:diamond_dao",
        "ppgwe:diamond_guardblade",
        "ppgwe:diamond_knuckles",
        "ppgwe:diamond_twinblade",
        "ppgwe:netherite_guardblade",
        "ppgwe:bow_and_crossbow_upgrade_template",
        "ppgwe:encased_arrow",
        "ppgwe:khopesh"
      ],
      "minecraft:custom_name": "{\"bold\":true,\"color\":\"#BA0000\",\"text\":\"PPG\\'s Weapon Compendium\"}",
      "minecraft:custom_model_data": 529000,
      "lore": [
        "{'color':'gray','italic':false,'text':'Right-click to gain all'}",
        "{'color':'gray','italic':false,'text':'recipes of the new weapon types.'}"
      ]
    }
  }
}
