{
  "anvil_cost": 4,
  "description": {
    "translate": "enchantment.minecraft.impaling"
  },
  "effects": {
    "minecraft:damage": [
      {
        "effect": {
          "type": "minecraft:add",
          "value": {
            "type": "minecraft:linear",
            "base": 2.5,
            "per_level_above_first": 2.5
          }
        },
        "requirements": {
          "condition": "any_of",
		  "terms": [
			{
				"condition": "all_of",
				"terms": [
				{
					"condition": "weather_check",
					"raining": true
				},
				{
					"condition": "inverted",
					"term": {
						"condition": "location_check",
						"predicate": {
							"biomes": ["minecraft:desert", "minecraft:savanna", "minecraft:savanna_plateau", "minecraft:windswept_savanna", "minecraft:badlands", "minecraft:wooded_badlands", "minecraft:eroded_badlands", "minecraft:nether_wastes", "minecraft:crimson_forest", "minecraft:warped_forest", "minecraft:soul_sand_valley", "minecraft:basalt_deltas", "minecraft:the_end", "minecraft:end_highlands", "minecraft:end_midlands", "minecraft:end_barrens", "minecraft:small_end_islands", "minecraft:the_void"]
						}
					}
				},
				{
					"condition": "location_check",
					"predicate": {
						"can_see_sky": true
					}
				}
				]
			},
			{
				"condition": "location_check",
				"predicate": {
					"fluid": {
						"fluids": "minecraft:water"
					}
				}
			}
		  ]
        }
      }
    ]
  },
  "exclusive_set": "#minecraft:exclusive_set/damage",
  "max_cost": {
    "base": 21,
    "per_level_above_first": 8
  },
  "max_level": 10,
  "min_cost": {
    "base": 1,
    "per_level_above_first": 8
  },
  "slots": [
    "mainhand"
  ],
  "supported_items": "#minecraft:enchantable/trident",
  "weight": 2
}