{
  "anvil_cost": 2,
  "description": {
    "translate": "enchantment.minecraft.mending"
  },
  "effects": {
    "minecraft:repair_with_xp": [
      {
        "effect": {
          "type": "minecraft:multiply",
          "factor": {
			"type": "minecraft:linear",
		   	"base": 0.5,
		    "per_level_above_first": 0.5
		  }
        }
      }
    ]
  },
  "max_cost": {
    "base": 29,
    "per_level_above_first": 10
  },
  "max_level": 4,
  "min_cost": {
    "base": 10,
    "per_level_above_first": 10
  },
  "slots": [
    "any"
  ],
  "supported_items": "#minecraft:enchantable/durability",
  "weight": 2
}