{
  "anvil_cost": 1,
  "description": {
    "translate": "enchantment.minecraft.protection"
  },
  "effects": {
    "minecraft:damage_protection": [
      {
        "effect": {
          "type": "minecraft:add",
          "value": {
            "type": "minecraft:linear",
            "base": 0.5,
            "per_level_above_first": 0.5
          }
        },
        "requirements": {
          "condition": "minecraft:damage_source_properties",
          "predicate": {
            "tags": [
              {
                "expected": false,
                "id": "minecraft:bypasses_invulnerability"
              }
            ]
          }
        }
      }
    ]
  },
  "exclusive_set": "#minecraft:exclusive_set/armor",
  "max_cost": {
    "base": 12,
    "per_level_above_first": 11
  },
  "max_level": 10,
  "min_cost": {
    "base": 1,
    "per_level_above_first": 11
  },
  "slots": [
    "armor",
	"hand"
  ],
  "supported_items": "#minecraft:enchantable/armor",
  "weight": 10
}