{
	"type": "chest",
	"pools": [{
		"rolls": 3,
		"entries": [{
			"type": "item",
			"name": "minecraft:glass_bottle",
			"weight": 7,
			"functions": [{
				"function": "set_count",
				"count": {
					"type": "uniform",
					"min": 1,
					"max": 3
				}
			}]
		},{
			"type": "item",
			"name": "minecraft:potion",
			"weight": 3,
			"functions": [{
				"function": "set_potion",
				"id": "minecraft:water"
			},{
				"function": "set_count",
				"count": {
					"type": "uniform",
					"min": 1,
					"max": 2
				}
			}]
		},{
			"type": "item",
			"name": "minecraft:honey_bottle",
			"weight": 2
		},{
			"type": "loot_table",
			"value": "tbirds:village_tiki/drinks",
			"weight": 1
		}]
	},{
		"rolls": 2,
		"entries": [{
			"type": "item",
			"name": "minecraft:sweet_berries",
			"weight": 1,
			"functions": [{
				"function": "set_count",
				"count": {
					"type": "uniform",
					"min": 2,
					"max": 4
				}
			}]
		},{
			"type": "item",
			"name": "minecraft:melon_slice",
			"weight": 1,
			"functions": [{
				"function": "set_count",
				"count": {
					"type": "uniform",
					"min": 2,
					"max": 4
				}
			}]
		},{
			"type": "item",
			"name": "minecraft:apple",
			"weight": 1,
			"functions": [{
				"function": "set_count",
				"count": {
					"type": "uniform",
					"min": 1,
					"max": 2
				}
			}]
		}]
	},{
		"rolls": 2,
		"entries": [{
			"type": "item",
			"name": "minecraft:stick",
			"weight": 1
		},{
			"type": "item",
			"name": "minecraft:sugar",
			"weight": 1,
			"functions": [{
				"function": "set_count",
				"count": {
					"type": "uniform",
					"min": 1,
					"max": 3
				}
			}]
		},{
			"type": "item",
			"name": "minecraft:ice",
			"weight": 1,
			"functions": [{
				"function": "set_count",
				"count": {
					"type": "uniform",
					"min": 1,
					"max": 2
				}
			}]
		}]
	}]
}