{
  "feature": "clifftree:ore_dirt",
  "placement": [
    {
      "type": "minecraft:noise_based_count",
      "noise_to_count_ratio": 400,
      "noise_factor": 40,
      "noise_offset": 0.5
    },
    {
      "type": "minecraft:in_square"
    },
    {
      "type": "minecraft:height_range",
      "height": {
        "type": "minecraft:uniform",
        "min_inclusive": {
          "above_bottom": 0
        },
        "max_inclusive": {
          "absolute": 100
        }
      }
    },
    {
      "type": "minecraft:biome"
    }
  ]
}