{
  "display": {
    "icon": {
      "id": "minecraft:command_block",
      "components": {
        "minecraft:custom_model_data": 529000
      }
    },
    "title": "Tinkering Time",
    "description": "Obtain a Bow/Crossbow Upgrade Template",
    "frame": "goal",
    "show_toast": true,
    "announce_to_chat": true,
    "hidden": false
  },
  "parent": "ppgwe:display/root",
  "criteria": {
    "requirement": {
      "trigger": "minecraft:inventory_changed",
      "conditions": {
        "items": [
          {
            "items": "minecraft:command_block",
            "components": {
              "minecraft:custom_model_data": 529000
            }
          }
        ]
      }
    }
  }
}
