{
  "display": {
    "icon": {
      "id": "minecraft:iron_sword",
      "components": {
        "minecraft:custom_model_data": 529001
      }
    },
    "title": "True Charged Slash",
    "description": "Obtain a Greatsword",
    "frame": "task",
    "show_toast": true,
    "announce_to_chat": true,
    "hidden": false
  },
  "parent": "ppgwe:display/weapon_compendium",
  "criteria": {
    "requirement": {
      "trigger": "minecraft:inventory_changed",
      "conditions": {
        "items": [
          {
            "items": "#minecraft:swords",
            "components": {
              "minecraft:custom_model_data": 529001
            }
          }
        ]
      }
    }
  }
}
