{
  "display": {
    "icon": {
      "id": "minecraft:shield",
      "components": {
        "minecraft:custom_model_data": 529003
      }
    },
    "title": "The Best Offense...",
    "description": "Obtain a Guardblade",
    "frame": "task",
    "show_toast": true,
    "announce_to_chat": true,
    "hidden": false
  },
  "parent": "ppgwe:display/halberd",
  "criteria": {
    "requirement": {
      "trigger": "minecraft:inventory_changed",
      "conditions": {
        "items": [
          {
            "items": "minecraft:shield",
            "components": {
              "minecraft:custom_data": "{ppg.item:guardblade}"
            }
          }
        ]
      }
    }
  }
}
