{
  "display": {
    "icon": {
      "id": "minecraft:iron_pickaxe",
      "components": {
        "minecraft:custom_model_data": 529000
      }
    },
    "title": "ゴゴゴゴ",
    "description": "Obtain a set of Knuckles",
    "frame": "task",
    "show_toast": true,
    "announce_to_chat": true,
    "hidden": false
  },
  "parent": "ppgwe:display/battle_axe",
  "criteria": {
    "requirement": {
      "trigger": "minecraft:inventory_changed",
      "conditions": {
        "items": [
          {
            "items": "#minecraft:pickaxes",
            "components": {
              "minecraft:custom_model_data": 529000
            }
          }
        ]
      }
    }
  }
}
