{
  "display": {
    "icon": {
      "id": "minecraft:crossbow",
      "components": {
        "minecraft:custom_model_data": 529002
      }
    },
    "title": "Handheld Dispenser",
    "description": "Obtain a Mechanical Crossbow",
    "frame": "task",
    "show_toast": true,
    "announce_to_chat": true,
    "hidden": false
  },
  "parent": "ppgwe:display/guarded_crossbow",
  "criteria": {
    "requirement": {
      "trigger": "minecraft:inventory_changed",
      "conditions": {
        "items": [
          {
            "items": "minecraft:crossbow",
            "components": {
              "minecraft:custom_model_data": 529002
            }
          }
        ]
      }
    }
  }
}
