{
  "display": {
    "icon": {
      "id": "minecraft:crossbow",
      "components": {
        "minecraft:custom_model_data": 529000
      }
    },
    "title": "Bayonet Musket",
    "description": "Obtain a Spiked Crossbow",
    "frame": "task",
    "show_toast": true,
    "announce_to_chat": true,
    "hidden": false
  },
  "parent": "ppgwe:display/bow_and_crossbow_upgrade_template",
  "criteria": {
    "requirement": {
      "trigger": "minecraft:inventory_changed",
      "conditions": {
        "items": [
          {
            "items": "minecraft:crossbow",
            "components": {
              "minecraft:custom_model_data": 529000
            }
          }
        ]
      }
    }
  }
}
