{
  "criteria": {
    "requirement": {
      "trigger": "minecraft:player_hurt_entity",
      "conditions": {
        "player": [
          {
            "condition": "minecraft:entity_scores",
            "entity": "this",
            "scores": {
              "ppg.twinblade_spin_timer": {
                "min": 1,
                "max": 10
              }
            }
          },
          {
            "condition": "minecraft:entity_properties",
            "entity": "this",
            "predicate": {
              "equipment": {
                "mainhand": {
                  "items": "#minecraft:swords",
                  "components": {
                    "minecraft:custom_model_data": 529006
                  }
                }
              }
            }
          }
        ]
      }
    }
  },
  "rewards": {
    "function": "ppgwe:item/twinblade/spin3"
  }
}
