{
  "display": {
    "icon": {
      "id": "minecraft:filled_map",
      "count": 1,
      "components": {
        "minecraft:map_color": 16753984
      }
    },
    "title": {
      "text": "Distant Lands"
    },
    "description": {
      "text": "Discover every single biome the overworld has to offer."
    },
    "frame": "challenge",
    "hidden": true
  },
  "parent": "minecraft:adventure/adventuring_time",
  "criteria": {
    "minecraft:badlands": {
      "trigger": "minecraft:location",
      "conditions": {
        "player": [
          {
            "condition": "minecraft:entity_properties",
            "entity": "this",
            "predicate": {
              "location": {
                "biomes": "minecraft:badlands"
              }
            }
          }
        ]
      }
    },
    "minecraft:bamboo_jungle": {
      "trigger": "minecraft:location",
      "conditions": {
        "player": [
          {
            "condition": "minecraft:entity_properties",
            "entity": "this",
            "predicate": {
              "location": {
                "biomes": "minecraft:bamboo_jungle"
              }
            }
          }
        ]
      }
    },
    "minecraft:beach": {
      "trigger": "minecraft:location",
      "conditions": {
        "player": [
          {
            "condition": "minecraft:entity_properties",
            "entity": "this",
            "predicate": {
              "location": {
                "biomes": "minecraft:beach"
              }
            }
          }
        ]
      }
    },
    "minecraft:birch_forest": {
      "trigger": "minecraft:location",
      "conditions": {
        "player": [
          {
            "condition": "minecraft:entity_properties",
            "entity": "this",
            "predicate": {
              "location": {
                "biomes": "minecraft:birch_forest"
              }
            }
          }
        ]
      }
    },
    "minecraft:cherry_grove": {
      "trigger": "minecraft:location",
      "conditions": {
        "player": [
          {
            "condition": "minecraft:entity_properties",
            "entity": "this",
            "predicate": {
              "location": {
                "biomes": "minecraft:cherry_grove"
              }
            }
          }
        ]
      }
    },
    "minecraft:cold_ocean": {
      "trigger": "minecraft:location",
      "conditions": {
        "player": [
          {
            "condition": "minecraft:entity_properties",
            "entity": "this",
            "predicate": {
              "location": {
                "biomes": "minecraft:cold_ocean"
              }
            }
          }
        ]
      }
    },
    "minecraft:dark_forest": {
      "trigger": "minecraft:location",
      "conditions": {
        "player": [
          {
            "condition": "minecraft:entity_properties",
            "entity": "this",
            "predicate": {
              "location": {
                "biomes": "minecraft:dark_forest"
              }
            }
          }
        ]
      }
    },
    "minecraft:deep_cold_ocean": {
      "trigger": "minecraft:location",
      "conditions": {
        "player": [
          {
            "condition": "minecraft:entity_properties",
            "entity": "this",
            "predicate": {
              "location": {
                "biomes": "minecraft:deep_cold_ocean"
              }
            }
          }
        ]
      }
    },
    "minecraft:deep_dark": {
      "trigger": "minecraft:location",
      "conditions": {
        "player": [
          {
            "condition": "minecraft:entity_properties",
            "entity": "this",
            "predicate": {
              "location": {
                "biomes": "minecraft:deep_dark"
              }
            }
          }
        ]
      }
    },
    "minecraft:deep_frozen_ocean": {
      "trigger": "minecraft:location",
      "conditions": {
        "player": [
          {
            "condition": "minecraft:entity_properties",
            "entity": "this",
            "predicate": {
              "location": {
                "biomes": "minecraft:deep_frozen_ocean"
              }
            }
          }
        ]
      }
    },
    "minecraft:deep_lukewarm_ocean": {
      "trigger": "minecraft:location",
      "conditions": {
        "player": [
          {
            "condition": "minecraft:entity_properties",
            "entity": "this",
            "predicate": {
              "location": {
                "biomes": "minecraft:deep_lukewarm_ocean"
              }
            }
          }
        ]
      }
    },
    "minecraft:deep_ocean": {
      "trigger": "minecraft:location",
      "conditions": {
        "player": [
          {
            "condition": "minecraft:entity_properties",
            "entity": "this",
            "predicate": {
              "location": {
                "biomes": "minecraft:deep_ocean"
              }
            }
          }
        ]
      }
    },
    "minecraft:desert": {
      "trigger": "minecraft:location",
      "conditions": {
        "player": [
          {
            "condition": "minecraft:entity_properties",
            "entity": "this",
            "predicate": {
              "location": {
                "biomes": "minecraft:desert"
              }
            }
          }
        ]
      }
    },
    "minecraft:dripstone_caves": {
      "trigger": "minecraft:location",
      "conditions": {
        "player": [
          {
            "condition": "minecraft:entity_properties",
            "entity": "this",
            "predicate": {
              "location": {
                "biomes": "minecraft:dripstone_caves"
              }
            }
          }
        ]
      }
    },
    "minecraft:eroded_badlands": {
      "trigger": "minecraft:location",
      "conditions": {
        "player": [
          {
            "condition": "minecraft:entity_properties",
            "entity": "this",
            "predicate": {
              "location": {
                "biomes": "minecraft:eroded_badlands"
              }
            }
          }
        ]
      }
    },
    "minecraft:flower_forest": {
      "trigger": "minecraft:location",
      "conditions": {
        "player": [
          {
            "condition": "minecraft:entity_properties",
            "entity": "this",
            "predicate": {
              "location": {
                "biomes": "minecraft:flower_forest"
              }
            }
          }
        ]
      }
    },
    "minecraft:forest": {
      "trigger": "minecraft:location",
      "conditions": {
        "player": [
          {
            "condition": "minecraft:entity_properties",
            "entity": "this",
            "predicate": {
              "location": {
                "biomes": "minecraft:forest"
              }
            }
          }
        ]
      }
    },
    "minecraft:frozen_ocean": {
      "trigger": "minecraft:location",
      "conditions": {
        "player": [
          {
            "condition": "minecraft:entity_properties",
            "entity": "this",
            "predicate": {
              "location": {
                "biomes": "minecraft:frozen_ocean"
              }
            }
          }
        ]
      }
    },
    "minecraft:frozen_peaks": {
      "trigger": "minecraft:location",
      "conditions": {
        "player": [
          {
            "condition": "minecraft:entity_properties",
            "entity": "this",
            "predicate": {
              "location": {
                "biomes": "minecraft:frozen_peaks"
              }
            }
          }
        ]
      }
    },
    "minecraft:frozen_river": {
      "trigger": "minecraft:location",
      "conditions": {
        "player": [
          {
            "condition": "minecraft:entity_properties",
            "entity": "this",
            "predicate": {
              "location": {
                "biomes": "minecraft:frozen_river"
              }
            }
          }
        ]
      }
    },
    "minecraft:grove": {
      "trigger": "minecraft:location",
      "conditions": {
        "player": [
          {
            "condition": "minecraft:entity_properties",
            "entity": "this",
            "predicate": {
              "location": {
                "biomes": "minecraft:grove"
              }
            }
          }
        ]
      }
    },
    "minecraft:ice_spikes": {
      "trigger": "minecraft:location",
      "conditions": {
        "player": [
          {
            "condition": "minecraft:entity_properties",
            "entity": "this",
            "predicate": {
              "location": {
                "biomes": "minecraft:ice_spikes"
              }
            }
          }
        ]
      }
    },
    "minecraft:jagged_peaks": {
      "trigger": "minecraft:location",
      "conditions": {
        "player": [
          {
            "condition": "minecraft:entity_properties",
            "entity": "this",
            "predicate": {
              "location": {
                "biomes": "minecraft:jagged_peaks"
              }
            }
          }
        ]
      }
    },
    "minecraft:jungle": {
      "trigger": "minecraft:location",
      "conditions": {
        "player": [
          {
            "condition": "minecraft:entity_properties",
            "entity": "this",
            "predicate": {
              "location": {
                "biomes": "minecraft:jungle"
              }
            }
          }
        ]
      }
    },
    "minecraft:lukewarm_ocean": {
      "trigger": "minecraft:location",
      "conditions": {
        "player": [
          {
            "condition": "minecraft:entity_properties",
            "entity": "this",
            "predicate": {
              "location": {
                "biomes": "minecraft:lukewarm_ocean"
              }
            }
          }
        ]
      }
    },
    "minecraft:lush_caves": {
      "trigger": "minecraft:location",
      "conditions": {
        "player": [
          {
            "condition": "minecraft:entity_properties",
            "entity": "this",
            "predicate": {
              "location": {
                "biomes": "minecraft:lush_caves"
              }
            }
          }
        ]
      }
    },
    "minecraft:mangrove_swamp": {
      "trigger": "minecraft:location",
      "conditions": {
        "player": [
          {
            "condition": "minecraft:entity_properties",
            "entity": "this",
            "predicate": {
              "location": {
                "biomes": "minecraft:mangrove_swamp"
              }
            }
          }
        ]
      }
    },
    "minecraft:meadow": {
      "trigger": "minecraft:location",
      "conditions": {
        "player": [
          {
            "condition": "minecraft:entity_properties",
            "entity": "this",
            "predicate": {
              "location": {
                "biomes": "minecraft:meadow"
              }
            }
          }
        ]
      }
    },
    "minecraft:mushroom_fields": {
      "trigger": "minecraft:location",
      "conditions": {
        "player": [
          {
            "condition": "minecraft:entity_properties",
            "entity": "this",
            "predicate": {
              "location": {
                "biomes": "minecraft:mushroom_fields"
              }
            }
          }
        ]
      }
    },
    "minecraft:ocean": {
      "trigger": "minecraft:location",
      "conditions": {
        "player": [
          {
            "condition": "minecraft:entity_properties",
            "entity": "this",
            "predicate": {
              "location": {
                "biomes": "minecraft:ocean"
              }
            }
          }
        ]
      }
    },
    "minecraft:old_growth_birch_forest": {
      "trigger": "minecraft:location",
      "conditions": {
        "player": [
          {
            "condition": "minecraft:entity_properties",
            "entity": "this",
            "predicate": {
              "location": {
                "biomes": "minecraft:old_growth_birch_forest"
              }
            }
          }
        ]
      }
    },
    "minecraft:old_growth_pine_taiga": {
      "trigger": "minecraft:location",
      "conditions": {
        "player": [
          {
            "condition": "minecraft:entity_properties",
            "entity": "this",
            "predicate": {
              "location": {
                "biomes": "minecraft:old_growth_pine_taiga"
              }
            }
          }
        ]
      }
    },
    "minecraft:old_growth_spruce_taiga": {
      "trigger": "minecraft:location",
      "conditions": {
        "player": [
          {
            "condition": "minecraft:entity_properties",
            "entity": "this",
            "predicate": {
              "location": {
                "biomes": "minecraft:old_growth_spruce_taiga"
              }
            }
          }
        ]
      }
    },
    "minecraft:plains": {
      "trigger": "minecraft:location",
      "conditions": {
        "player": [
          {
            "condition": "minecraft:entity_properties",
            "entity": "this",
            "predicate": {
              "location": {
                "biomes": "minecraft:plains"
              }
            }
          }
        ]
      }
    },
    "minecraft:river": {
      "trigger": "minecraft:location",
      "conditions": {
        "player": [
          {
            "condition": "minecraft:entity_properties",
            "entity": "this",
            "predicate": {
              "location": {
                "biomes": "minecraft:river"
              }
            }
          }
        ]
      }
    },
    "minecraft:savanna": {
      "trigger": "minecraft:location",
      "conditions": {
        "player": [
          {
            "condition": "minecraft:entity_properties",
            "entity": "this",
            "predicate": {
              "location": {
                "biomes": "minecraft:savanna"
              }
            }
          }
        ]
      }
    },
    "minecraft:savanna_plateau": {
      "trigger": "minecraft:location",
      "conditions": {
        "player": [
          {
            "condition": "minecraft:entity_properties",
            "entity": "this",
            "predicate": {
              "location": {
                "biomes": "minecraft:savanna_plateau"
              }
            }
          }
        ]
      }
    },
    "minecraft:snowy_beach": {
      "trigger": "minecraft:location",
      "conditions": {
        "player": [
          {
            "condition": "minecraft:entity_properties",
            "entity": "this",
            "predicate": {
              "location": {
                "biomes": "minecraft:snowy_beach"
              }
            }
          }
        ]
      }
    },
    "minecraft:snowy_plains": {
      "trigger": "minecraft:location",
      "conditions": {
        "player": [
          {
            "condition": "minecraft:entity_properties",
            "entity": "this",
            "predicate": {
              "location": {
                "biomes": "minecraft:snowy_plains"
              }
            }
          }
        ]
      }
    },
    "minecraft:snowy_slopes": {
      "trigger": "minecraft:location",
      "conditions": {
        "player": [
          {
            "condition": "minecraft:entity_properties",
            "entity": "this",
            "predicate": {
              "location": {
                "biomes": "minecraft:snowy_slopes"
              }
            }
          }
        ]
      }
    },
    "minecraft:snowy_taiga": {
      "trigger": "minecraft:location",
      "conditions": {
        "player": [
          {
            "condition": "minecraft:entity_properties",
            "entity": "this",
            "predicate": {
              "location": {
                "biomes": "minecraft:snowy_taiga"
              }
            }
          }
        ]
      }
    },
    "minecraft:sparse_jungle": {
      "trigger": "minecraft:location",
      "conditions": {
        "player": [
          {
            "condition": "minecraft:entity_properties",
            "entity": "this",
            "predicate": {
              "location": {
                "biomes": "minecraft:sparse_jungle"
              }
            }
          }
        ]
      }
    },
    "minecraft:stony_peaks": {
      "trigger": "minecraft:location",
      "conditions": {
        "player": [
          {
            "condition": "minecraft:entity_properties",
            "entity": "this",
            "predicate": {
              "location": {
                "biomes": "minecraft:stony_peaks"
              }
            }
          }
        ]
      }
    },
    "minecraft:stony_shore": {
      "trigger": "minecraft:location",
      "conditions": {
        "player": [
          {
            "condition": "minecraft:entity_properties",
            "entity": "this",
            "predicate": {
              "location": {
                "biomes": "minecraft:stony_shore"
              }
            }
          }
        ]
      }
    },
    "minecraft:sunflower_plains": {
      "trigger": "minecraft:location",
      "conditions": {
        "player": [
          {
            "condition": "minecraft:entity_properties",
            "entity": "this",
            "predicate": {
              "location": {
                "biomes": "minecraft:sunflower_plains"
              }
            }
          }
        ]
      }
    },
    "minecraft:swamp": {
      "trigger": "minecraft:location",
      "conditions": {
        "player": [
          {
            "condition": "minecraft:entity_properties",
            "entity": "this",
            "predicate": {
              "location": {
                "biomes": "minecraft:swamp"
              }
            }
          }
        ]
      }
    },
    "minecraft:taiga": {
      "trigger": "minecraft:location",
      "conditions": {
        "player": [
          {
            "condition": "minecraft:entity_properties",
            "entity": "this",
            "predicate": {
              "location": {
                "biomes": "minecraft:taiga"
              }
            }
          }
        ]
      }
    },
    "minecraft:warm_ocean": {
      "trigger": "minecraft:location",
      "conditions": {
        "player": [
          {
            "condition": "minecraft:entity_properties",
            "entity": "this",
            "predicate": {
              "location": {
                "biomes": "minecraft:warm_ocean"
              }
            }
          }
        ]
      }
    },
    "minecraft:windswept_forest": {
      "trigger": "minecraft:location",
      "conditions": {
        "player": [
          {
            "condition": "minecraft:entity_properties",
            "entity": "this",
            "predicate": {
              "location": {
                "biomes": "minecraft:windswept_forest"
              }
            }
          }
        ]
      }
    },
    "minecraft:windswept_gravelly_hills": {
      "trigger": "minecraft:location",
      "conditions": {
        "player": [
          {
            "condition": "minecraft:entity_properties",
            "entity": "this",
            "predicate": {
              "location": {
                "biomes": "minecraft:windswept_gravelly_hills"
              }
            }
          }
        ]
      }
    },
    "minecraft:windswept_hills": {
      "trigger": "minecraft:location",
      "conditions": {
        "player": [
          {
            "condition": "minecraft:entity_properties",
            "entity": "this",
            "predicate": {
              "location": {
                "biomes": "minecraft:windswept_hills"
              }
            }
          }
        ]
      }
    },
    "minecraft:windswept_savanna": {
      "trigger": "minecraft:location",
      "conditions": {
        "player": [
          {
            "condition": "minecraft:entity_properties",
            "entity": "this",
            "predicate": {
              "location": {
                "biomes": "minecraft:windswept_savanna"
              }
            }
          }
        ]
      }
    },
    "minecraft:wooded_badlands": {
      "trigger": "minecraft:location",
      "conditions": {
        "player": [
          {
            "condition": "minecraft:entity_properties",
            "entity": "this",
            "predicate": {
              "location": {
                "biomes": "minecraft:wooded_badlands"
              }
            }
          }
        ]
      }
    },
    "clifftree:warm_river": {
      "trigger": "minecraft:location",
      "conditions": {
        "player": [
          {
            "condition": "minecraft:entity_properties",
            "entity": "this",
            "predicate": {
              "location": {
                "biomes": "clifftree:warm_river"
              }
            }
          }
        ]
      }
    },
    "clifftree:warm_caves": {
      "trigger": "minecraft:location",
      "conditions": {
        "player": [
          {
            "condition": "minecraft:entity_properties",
            "entity": "this",
            "predicate": {
              "location": {
                "biomes": "clifftree:warm_caves"
              }
            }
          }
        ]
      }
    },
    "clifftree:tundra": {
      "trigger": "minecraft:location",
      "conditions": {
        "player": [
          {
            "condition": "minecraft:entity_properties",
            "entity": "this",
            "predicate": {
              "location": {
                "biomes": "clifftree:tundra"
              }
            }
          }
        ]
      }
    },
    "clifftree:tropical_river": {
      "trigger": "minecraft:location",
      "conditions": {
        "player": [
          {
            "condition": "minecraft:entity_properties",
            "entity": "this",
            "predicate": {
              "location": {
                "biomes": "clifftree:tropical_river"
              }
            }
          }
        ]
      }
    },
    "clifftree:temperate_beach": {
      "trigger": "minecraft:location",
      "conditions": {
        "player": [
          {
            "condition": "minecraft:entity_properties",
            "entity": "this",
            "predicate": {
              "location": {
                "biomes": "clifftree:temperate_beach"
              }
            }
          }
        ]
      }
    },
    "clifftree:stone_ocean": {
      "trigger": "minecraft:location",
      "conditions": {
        "player": [
          {
            "condition": "minecraft:entity_properties",
            "entity": "this",
            "predicate": {
              "location": {
                "biomes": "clifftree:stone_ocean"
              }
            }
          }
        ]
      }
    },
    "clifftree:sparse_forest": {
      "trigger": "minecraft:location",
      "conditions": {
        "player": [
          {
            "condition": "minecraft:entity_properties",
            "entity": "this",
            "predicate": {
              "location": {
                "biomes": "clifftree:sparse_forest"
              }
            }
          }
        ]
      }
    },
    "clifftree:snowy_old_growth_taiga": {
      "trigger": "minecraft:location",
      "conditions": {
        "player": [
          {
            "condition": "minecraft:entity_properties",
            "entity": "this",
            "predicate": {
              "location": {
                "biomes": "clifftree:snowy_old_growth_taiga"
              }
            }
          }
        ]
      }
    },
    "clifftree:snowy_diorite_shore": {
      "trigger": "minecraft:location",
      "conditions": {
        "player": [
          {
            "condition": "minecraft:entity_properties",
            "entity": "this",
            "predicate": {
              "location": {
                "biomes": "clifftree:snowy_diorite_shore"
              }
            }
          }
        ]
      }
    },
    "clifftree:shrubland": {
      "trigger": "minecraft:location",
      "conditions": {
        "player": [
          {
            "condition": "minecraft:entity_properties",
            "entity": "this",
            "predicate": {
              "location": {
                "biomes": "clifftree:shrubland"
              }
            }
          }
        ]
      }
    },
    "clifftree:oasis": {
      "trigger": "minecraft:location",
      "conditions": {
        "player": [
          {
            "condition": "minecraft:entity_properties",
            "entity": "this",
            "predicate": {
              "location": {
                "biomes": "clifftree:oasis"
              }
            }
          }
        ]
      }
    },
    "clifftree:mushroom_caves": {
      "trigger": "minecraft:location",
      "conditions": {
        "player": [
          {
            "condition": "minecraft:entity_properties",
            "entity": "this",
            "predicate": {
              "location": {
                "biomes": "clifftree:mushroom_caves"
              }
            }
          }
        ]
      }
    },
    "clifftree:lukewarm_caves": {
      "trigger": "minecraft:location",
      "conditions": {
        "player": [
          {
            "condition": "minecraft:entity_properties",
            "entity": "this",
            "predicate": {
              "location": {
                "biomes": "clifftree:lukewarm_caves"
              }
            }
          }
        ]
      }
    },
    "clifftree:inferno": {
      "trigger": "minecraft:location",
      "conditions": {
        "player": [
          {
            "condition": "minecraft:entity_properties",
            "entity": "this",
            "predicate": {
              "location": {
                "biomes": "clifftree:inferno"
              }
            }
          }
        ]
      }
    },
    "clifftree:gravelly_beach": {
      "trigger": "minecraft:location",
      "conditions": {
        "player": [
          {
            "condition": "minecraft:entity_properties",
            "entity": "this",
            "predicate": {
              "location": {
                "biomes": "clifftree:gravelly_beach"
              }
            }
          }
        ]
      }
    },
    "clifftree:granite_shore": {
      "trigger": "minecraft:location",
      "conditions": {
        "player": [
          {
            "condition": "minecraft:entity_properties",
            "entity": "this",
            "predicate": {
              "location": {
                "biomes": "clifftree:granite_shore"
              }
            }
          }
        ]
      }
    },
    "clifftree:glacier_valley": {
      "trigger": "minecraft:location",
      "conditions": {
        "player": [
          {
            "condition": "minecraft:entity_properties",
            "entity": "this",
            "predicate": {
              "location": {
                "biomes": "clifftree:glacier_valley"
              }
            }
          }
        ]
      }
    },
    "clifftree:glacier_cliff": {
      "trigger": "minecraft:location",
      "conditions": {
        "player": [
          {
            "condition": "minecraft:entity_properties",
            "entity": "this",
            "predicate": {
              "location": {
                "biomes": "clifftree:glacier_cliff"
              }
            }
          }
        ]
      }
    },
    "clifftree:frozen_caves": {
      "trigger": "minecraft:location",
      "conditions": {
        "player": [
          {
            "condition": "minecraft:entity_properties",
            "entity": "this",
            "predicate": {
              "location": {
                "biomes": "clifftree:frozen_caves"
              }
            }
          }
        ]
      }
    },
    "clifftree:diorite_shore": {
      "trigger": "minecraft:location",
      "conditions": {
        "player": [
          {
            "condition": "minecraft:entity_properties",
            "entity": "this",
            "predicate": {
              "location": {
                "biomes": "clifftree:diorite_shore"
              }
            }
          }
        ]
      }
    },
    "clifftree:desert_cliff": {
      "trigger": "minecraft:location",
      "conditions": {
        "player": [
          {
            "condition": "minecraft:entity_properties",
            "entity": "this",
            "predicate": {
              "location": {
                "biomes": "clifftree:desert_cliff"
              }
            }
          }
        ]
      }
    },
    "clifftree:cold_river": {
      "trigger": "minecraft:location",
      "conditions": {
        "player": [
          {
            "condition": "minecraft:entity_properties",
            "entity": "this",
            "predicate": {
              "location": {
                "biomes": "clifftree:cold_river"
              }
            }
          }
        ]
      }
    },
    "clifftree:cold_caves": {
      "trigger": "minecraft:location",
      "conditions": {
        "player": [
          {
            "condition": "minecraft:entity_properties",
            "entity": "this",
            "predicate": {
              "location": {
                "biomes": "clifftree:cold_caves"
              }
            }
          }
        ]
      }
    },
    "clifftree:caves": {
      "trigger": "minecraft:location",
      "conditions": {
        "player": [
          {
            "condition": "minecraft:entity_properties",
            "entity": "this",
            "predicate": {
              "location": {
                "biomes": "clifftree:caves"
              }
            }
          }
        ]
      }
    },
    "clifftree:bog": {
      "trigger": "minecraft:location",
      "conditions": {
        "player": [
          {
            "condition": "minecraft:entity_properties",
            "entity": "this",
            "predicate": {
              "location": {
                "biomes": "clifftree:bog"
              }
            }
          }
        ]
      }
    }
  },
  "rewards": {
    "experience": 1000
  }
}
