{
  "anvil_cost": 8,
  "description": {
    "text": "Acid Spray"
  },
  "effects": {
    "minecraft:post_attack": [
      {
        "affected": "victim",
        "effect": {
          "type": "minecraft:run_function",
		  "function": "extraenchantments:acid_spray"
        },
        "enchanted": "attacker"
      }
    ],
	"minecraft:hit_block": [
      {
        "effect": {
          "type": "minecraft:run_function",
		  "function": "extraenchantments:acid_spray"
        }
      }
    ],
	"minecraft:attributes": [
	  {
        "amount": -1,
        "attribute": "minecraft:entity_interaction_range",
        "id": "extraenchantments:enchantment.acidspray1",
        "operation": "add_multiplied_total"
      },
	  {
        "amount": -1,
        "attribute": "minecraft:block_interaction_range",
        "id": "extraenchantments:enchantment.acidspray2",
        "operation": "add_multiplied_total"
      }
	]
  },
  "max_cost": {
    "base": 50,
    "per_level_above_first": 10
  },
  "max_level": 1,
  "exclusive_set": "#minecraft:exclusive_set/crossbow",
  "min_cost": {
    "base": 20,
    "per_level_above_first": 10
  },
  "slots": [
    "mainhand"
  ],
  "supported_items": "#extraenchantments:bows",
  "weight": 1
}