{
  "anvil_cost": 4,
  "description": {
    "text": "Aquatic Blessing"
  },
  "effects": {
    "minecraft:tick": [
      {
        "effect": {
          "type": "minecraft:all_of",
          "effects": [
            {
              "type": "minecraft:apply_mob_effect",
			  "to_apply": "minecraft:speed",
              "min_duration": 0.1,
			  "max_duration": 0.1,
			  "min_amplifier": 0,
			  "max_amplifier": 0
            },
			{
              "type": "minecraft:apply_mob_effect",
			  "to_apply": "minecraft:regeneration",
              "min_duration": 0.1,
			  "max_duration": 0.1,
			  "min_amplifier": 0,
			  "max_amplifier": 0
            },
			{
              "type": "minecraft:apply_mob_effect",
			  "to_apply": "minecraft:resistance",
              "min_duration": 0.1,
			  "max_duration": 0.1,
			  "min_amplifier": 0,
			  "max_amplifier": 0
            }
          ]
        },
		"requirements": {
			"condition": "any_of",
			"terms": [
			{
				"condition": "all_of",
				"terms": [
				{
					"condition": "weather_check",
					"raining": true
				},
				{
					"condition": "inverted",
					"term": {
						"condition": "location_check",
						"predicate": {
							"biomes": ["minecraft:desert", "minecraft:savanna", "minecraft:savanna_plateau", "minecraft:windswept_savanna", "minecraft:badlands", "minecraft:wooded_badlands", "minecraft:eroded_badlands", "minecraft:nether_wastes", "minecraft:crimson_forest", "minecraft:warped_forest", "minecraft:soul_sand_valley", "minecraft:basalt_deltas", "minecraft:the_end", "minecraft:end_highlands", "minecraft:end_midlands", "minecraft:end_barrens", "minecraft:small_end_islands", "minecraft:the_void"]
						}
					}
				},
				{
					"condition": "location_check",
					"predicate": {
						"can_see_sky": true
					}
				}
				]
			},
			{
				"condition": "location_check",
				"predicate": {
					"fluid": {
						"fluids": "minecraft:water"
					}
				}
			}
		  ]
		}
      }
    ]
  },
  "max_cost": {
    "base": 60,
    "per_level_above_first": 20
  },
  "exclusive_set": "#extraenchantments:shield_blessings",
  "max_level": 1,
  "min_cost": {
    "base": 10,
    "per_level_above_first": 20
  },
  "slots": [
    "mainhand",
	"offhand"
  ],
  "supported_items": "minecraft:shield",
  "weight": 1
}