{
  "anvil_cost": 4,
  "description": {
    "text": "Curse of Darkness"
  },
  "effects": {
    "minecraft:tick": [
      {
        "effect": {
          "type": "minecraft:apply_mob_effect",
		  "to_apply": "minecraft:darkness",
          "min_duration": 2,
		  "max_duration": 2,
		  "min_amplifier": 0,
		  "max_amplifier": 0
        }
      }
    ]
  },
  "max_cost": {
    "base": 95,
    "per_level_above_first": 0
  },
  "max_level": 1,
  "min_cost": {
    "base": 5,
    "per_level_above_first": 0
  },
  "slots": [
    "armor"
  ],
  "supported_items": "#minecraft:enchantable/armor",
  "weight": 1
}