{
  "anvil_cost": 4,
  "description": {
    "text": "Curse of Encumbering"
  },
  "effects": {
    "minecraft:attributes": [
      {
          "type": "minecraft:attribute",
          "amount": -1,
          "attribute": "minecraft:jump_strength",
          "id": "extraenchantments:enchantment.encumberingcursejump",
          "operation": "add_multiplied_total"
      },
	  {
          "type": "minecraft:attribute",
          "amount": 0.4,
          "attribute": "minecraft:step_height",
          "id": "extraenchantments:enchantment.encumberingcursestep",
          "operation": "add_value"
      }
    ]
  },
  "max_cost": {
    "base": 50,
    "per_level_above_first": 10
  },
  "max_level": 1,
  "min_cost": {
    "base": 20,
    "per_level_above_first": 10
  },
  "exclusive_set": "extraenchantments:spring_step",
  "slots": [
    "armor"
  ],
  "supported_items": "#minecraft:enchantable/armor",
  "weight": 2
}