{
  "anvil_cost": 8,
  "description": {
    "text": "Endless Quiver"
  },
  "effects": {
    "minecraft:ammo_use": [
      {
        "effect": {
          "type": "minecraft:set",
          "value": 0.0
        },
        "requirements": {
          "condition": "minecraft:match_tool",
          "predicate": {
            "items": "#minecraft:arrows"
          }
        }
      }
    ]
  },
  "exclusive_set": [
	"minecraft:infinity",
	"minecraft:mending",
	"extraenchantments:unbreakable"
  ],
  "max_cost": {
    "base": 60,
    "per_level_above_first": 0
  },
  "max_level": 1,
  "min_cost": {
    "base": 30,
    "per_level_above_first": 0
  },
  "slots": [
    "mainhand"
  ],
  "supported_items": "#minecraft:enchantable/bow",
  "weight": 1
}