{
  "anvil_cost": 4,
  "description": {
    "text": "Curse of Fatigue"
  },
  "effects": {
    "minecraft:attributes": [
      {
        "amount": -0.5,
        "attribute": "minecraft:mining_efficiency",
        "id": "extraenchantments:enchantment.fatiguemining",
        "operation": "add_multiplied_total"
      },
	  {
        "amount": -0.2,
        "attribute": "minecraft:movement_speed",
        "id": "extraenchantments:enchantment.fatiguespeed",
        "operation": "add_multiplied_total"
      }
    ]
  },
  "max_cost": {
    "base": 95,
    "per_level_above_first": 0
  },
  "max_level": 1,
  "min_cost": {
    "base": 5,
    "per_level_above_first": 0
  },
  "slots": [
    "mainhand"
  ],
  "exclusive_set": [
	  "minecraft:unbreaking",
	  "extraenchantments:unbreakable"
  ],
  "supported_items": "#minecraft:enchantable/mining",
  "weight": 1
}