{
  "anvil_cost": 4,
  "description": {
    "text": "Curse of Fragility"
  },
  "effects": {
    "minecraft:item_damage": [
      {
        "effect": {
          "type": "minecraft:multiply",
          "factor": 2.0
        }
      }
    ]
  },
  "max_cost": {
    "base": 95,
    "per_level_above_first": 0
  },
  "max_level": 1,
  "min_cost": {
    "base": 5,
    "per_level_above_first": 0
  },
  "slots": [
    "mainhand"
  ],
  "exclusive_set": [
	  "minecraft:unbreaking",
	  "extraenchantments:unbreakable"
  ],
  "supported_items": "#minecraft:enchantable/durability",
  "weight": 1
}