{
  "anvil_cost": 4,
  "description": {
    "text": "Illumination"
  },
  "effects": {
    "minecraft:tick": [
      {
        "effect": {
          "type": "minecraft:run_function",
          "function": "extraenchantments:glowing"
        }
      }
    ]
  },
  "max_cost": {
    "base": 40,
    "per_level_above_first": 9
  },
  "max_level": 1,
  "min_cost": {
    "base": 10,
    "per_level_above_first": 9
  },
  "slots": [
    "armor"
  ],
  "supported_items": "#minecraft:enchantable/chest_armor",
  "weight": 2
}