{
  "anvil_cost": 4,
  "description": {
    "text": "Grenadier"
  },
  "effects": {
    "minecraft:post_attack": [
      {
        "affected": "victim",
        "effect": {
          "type": "minecraft:explode",
		  "attribute_to_user": true,
		  "damage_type": "player_explosion",
          "block_interaction": "none",
          "immune_blocks": "#minecraft:wither_immune",
          "large_particle": {
            "type": "minecraft:explosion_emitter"
          },
          "radius": {
			  "type": "minecraft:linear",
			  "base": 2.0,
			  "per_level_above_first": 0.75
		  },
          "small_particle": {
            "type": "minecraft:explosion_emitter"
          },
          "sound": "minecraft:entity.generic.explode"
        },
        "enchanted": "attacker"
      }
    ],
	"minecraft:attributes": [
	  {
        "amount": -1,
        "attribute": "minecraft:entity_interaction_range",
        "id": "extraenchantments:enchantment.grenadier1",
        "operation": "add_multiplied_total"
      },
	  {
        "amount": -1,
        "attribute": "minecraft:block_interaction_range",
        "id": "extraenchantments:enchantment.grenadier2",
        "operation": "add_multiplied_total"
      }
	]
  },
  "max_cost": {
    "base": 50,
    "per_level_above_first": 10
  },
  "max_level": 3,
  "exclusive_set": "#minecraft:exclusive_set/crossbow",
  "min_cost": {
    "base": 20,
    "per_level_above_first": 10
  },
  "slots": [
    "mainhand"
  ],
  "supported_items": "#extraenchantments:bows",
  "weight": 1
}