{
  "anvil_cost": 4,
  "description": {
    "text": "Curse of Exhaustion"
  },
  "effects": {
    "minecraft:tick": [
      {
        "effect": {
          "type": "minecraft:apply_mob_effect",
		  "to_apply": "minecraft:hunger",
          "min_duration": 1,
		  "max_duration": 1,
		  "min_amplifier": 0,
		  "max_amplifier": 0
        }
      }
    ]
  },
  "max_cost": {
    "base": 95,
    "per_level_above_first": 0
  },
  "max_level": 1,
  "min_cost": {
    "base": 5,
    "per_level_above_first": 0
  },
  "slots": [
    "armor",
	"mainhand",
	"offhand"
  ],
  "supported_items": "#minecraft:enchantable/durability",
  "weight": 1
}