{
  "anvil_cost": 4,
  "description": {
    "text": "Curse of Ignition"
  },
  "effects": {
    "minecraft:post_attack": [
      {
        "affected": "victim",
        "effect": {
          "type": "minecraft:all_of",
          "effects": [
            {
              "type": "minecraft:ignite",
              "duration": 3.0
            }
          ]
        },
        "enchanted": "victim"
      }
    ]
  },
  "max_cost": {
    "base": 60,
    "per_level_above_first": 20
  },
  "exclusive_set": "minecraft:fire_protection",
  "max_level": 1,
  "min_cost": {
    "base": 10,
    "per_level_above_first": 20
  },
  "slots": [
    "armor"
  ],
  "supported_items": "#minecraft:enchantable/armor",
  "weight": 1
}