{
  "anvil_cost": 4,
  "description": {
    "text": "Infernal Blessing"
  },
  "effects": {
    "minecraft:tick": [
      {
        "effect": {
          "type": "minecraft:all_of",
          "effects": [
            {
              "type": "minecraft:apply_mob_effect",
			  "to_apply": "minecraft:speed",
              "min_duration": 0.1,
			  "max_duration": 0.1,
			  "min_amplifier": 0,
			  "max_amplifier": 0
            },
			{
              "type": "minecraft:apply_mob_effect",
			  "to_apply": "minecraft:regeneration",
              "min_duration": 0.1,
			  "max_duration": 0.1,
			  "min_amplifier": 0,
			  "max_amplifier": 0
            },
			{
              "type": "minecraft:apply_mob_effect",
			  "to_apply": "minecraft:resistance",
              "min_duration": 0.1,
			  "max_duration": 0.1,
			  "min_amplifier": 0,
			  "max_amplifier": 0
            }
          ]
        },
		"requirements": {
			"condition": "location_check",
			"predicate": {
				"dimension": "minecraft:the_nether"
			}
		}
      }
    ]
  },
  "max_cost": {
    "base": 60,
    "per_level_above_first": 20
  },
  "exclusive_set": "#extraenchantments:shield_blessings",
  "max_level": 1,
  "min_cost": {
    "base": 10,
    "per_level_above_first": 20
  },
  "slots": [
    "mainhand",
	"offhand"
  ],
  "supported_items": "minecraft:shield",
  "weight": 1
}