{
  "anvil_cost": 4,
  "description": {
    "text": "Inferno"
  },
  "effects": {
    "minecraft:post_attack": [
      {
        "affected": "attacker",
        "effect": {
          "type": "minecraft:all_of",
          "effects": [
            {
              "type": "minecraft:ignite",
              "duration": {
				  "type": "minecraft:linear",
				  "base": 3.0,
				  "per_level_above_first": 1.5
			  }
            }
          ]
        },
        "enchanted": "victim"
      }
    ]
  },
  "max_cost": {
    "base": 60,
    "per_level_above_first": 20
  },
  "exclusive_set": "minecraft:thorns",
  "max_level": 3,
  "min_cost": {
    "base": 10,
    "per_level_above_first": 20
  },
  "slots": [
    "armor",
	"hand"
  ],
  "primary_items": "#minecraft:enchantable/chest_armor",
  "supported_items": "#minecraft:enchantable/armor",
  "weight": 1
}