{
  "anvil_cost": 2,
  "description": {
    "text": "Lifeforce"
  },
  "effects": {
    "minecraft:attributes": [
      {
          "type": "minecraft:attribute",
          "amount": {
			  "type": "minecraft:linear",
			  "base": 2.0,
			  "per_level_above_first": 2.0
		  },
          "attribute": "minecraft:max_health",
          "id": "extraenchantments:enchantment.lifeforce",
          "operation": "add_value"
      }
    ]
  },
  "max_cost": {
    "base": 14,
    "per_level_above_first": 11
  },
  "max_level": 10,
  "min_cost": {
    "base": 1,
    "per_level_above_first": 11
  },
  "exclusive_set": "#minecraft:exclusive_set/armor",
  "slots": [
    "armor",
	"hand"
  ],
  "supported_items": "#minecraft:enchantable/armor",
  "weight": 2
}