{
  "anvil_cost": 2,
  "description": {
    "text": "Magic Protection"
  },
  "effects": {
    "minecraft:damage_protection": [
      {
        "effect": {
          "type": "minecraft:add",
          "value": {
            "type": "minecraft:linear",
            "base": 2.0,
            "per_level_above_first": 2.0
          }
        },
        "requirements": {
          "condition": "minecraft:all_of",
          "terms": [
            {
              "condition": "minecraft:damage_source_properties",
              "predicate": {
                "tags": [
                  {
                    "expected": true,
                    "id": "extraenchantments:magic"
                  },
                  {
                    "expected": false,
                    "id": "minecraft:bypasses_invulnerability"
                  }
                ]
              }
            }
          ]
        }
      }
    ]
  },
  "exclusive_set": "#minecraft:exclusive_set/armor",
  "max_cost": {
    "base": 10,
    "per_level_above_first": 8
  },
  "max_level": 10,
  "min_cost": {
    "base": 2,
    "per_level_above_first": 8
  },
  "slots": [
    "armor",
	"hand"
  ],
  "supported_items": "#minecraft:enchantable/armor",
  "weight": 5
}