{
  "anvil_cost": 4,
  "description": {
    "text": "Magma Walker"
  },
  "effects": {
    "minecraft:damage_immunity": [
      {
        "effect": {},
        "requirements": {
          "condition": "minecraft:damage_source_properties",
          "predicate": {
            "tags": [
              {
                "expected": true,
                "id": "minecraft:burn_from_stepping"
              },
              {
                "expected": false,
                "id": "minecraft:bypasses_invulnerability"
              }
            ]
          }
        }
      }
    ],
    "minecraft:location_changed": [
      {
        "effect": {
          "type": "minecraft:replace_disk",
          "block_state": {
            "type": "minecraft:simple_state_provider",
            "state": {
              "Name": "minecraft:magma_block"
            }
          },
          "height": 1.0,
          "offset": [
            0,
            -1,
            0
          ],
          "predicate": {
            "type": "minecraft:all_of",
            "predicates": [
              {
                "type": "minecraft:matching_blocks",
                "blocks": "minecraft:air",
                "offset": [
                  0,
                  1,
                  0
                ]
              },
              {
                "type": "minecraft:matching_fluids",
                "fluids": "minecraft:lava"
              },
              {
                "type": "minecraft:unobstructed"
              }
            ]
          },
          "radius": {
            "type": "minecraft:clamped",
            "max": 8.0,
            "min": 0.0,
            "value": {
              "type": "minecraft:linear",
              "base": 2.0,
              "per_level_above_first": 1.0
            }
          }
        },
        "requirements": {
          "condition": "minecraft:entity_properties",
          "entity": "this",
          "predicate": {
            "flags": {
              "is_on_ground": true
            }
          }
        }
      }
    ]
  },
  "exclusive_set": "#minecraft:exclusive_set/boots",
  "max_cost": {
    "base": 25,
    "per_level_above_first": 10
  },
  "max_level": 2,
  "min_cost": {
    "base": 10,
    "per_level_above_first": 10
  },
  "slots": [
    "feet"
  ],
  "supported_items": "#minecraft:enchantable/foot_armor",
  "weight": 2
}