{
  "anvil_cost": 4,
  "description": {
    "text": "Night Owl"
  },
  "effects": {
    "minecraft:tick": [
      {
        "effect": {
          "type": "minecraft:apply_mob_effect",
		  "to_apply": "minecraft:night_vision",
          "min_duration": 10.5,
		  "max_duration": 10.5,
		  "min_amplifier": 0,
		  "max_amplifier": 0
        }
      }
    ]
  },
  "max_cost": {
    "base": 45,
    "per_level_above_first": 0
  },
  "max_level": 1,
  "min_cost": {
    "base": 25,
    "per_level_above_first": 0
  },
  "slots": [
    "head"
  ],
  "exclusive_set": "extraenchantments:darkness_curse",
  "supported_items": "#minecraft:enchantable/head_armor",
  "weight": 2
}