{
  "anvil_cost": 4,
  "description": {
    "text": "Panic Blessing"
  },
  "effects": {
    "minecraft:post_attack": [
      {
        "affected": "victim",
        "effect": {
          "type": "minecraft:all_of",
          "effects": [
            {
              "type": "minecraft:apply_mob_effect",
			  "to_apply": "minecraft:speed",
              "min_duration": 5.0,
			  "max_duration": 5.0,
			  "min_amplifier": 2,
			  "max_amplifier": 2
            },
			{
              "type": "minecraft:apply_mob_effect",
			  "to_apply": "minecraft:regeneration",
              "min_duration": 5.0,
			  "max_duration": 5.0,
			  "min_amplifier": 1,
			  "max_amplifier": 1
            },
			{
              "type": "minecraft:apply_mob_effect",
			  "to_apply": "minecraft:resistance",
              "min_duration": 5.0,
			  "max_duration": 5.0,
			  "min_amplifier": 0,
			  "max_amplifier": 0
            }
          ]
        },
        "enchanted": "victim"
      }
    ]
  },
  "max_cost": {
    "base": 60,
    "per_level_above_first": 20
  },
  "exclusive_set": "#extraenchantments:shield_blessings",
  "max_level": 1,
  "min_cost": {
    "base": 10,
    "per_level_above_first": 20
  },
  "slots": [
    "mainhand",
	"offhand"
  ],
  "supported_items": "minecraft:shield",
  "weight": 1
}