{
  "anvil_cost": 4,
  "description": {
    "text": "Scholar"
  },
  "effects": {
    "minecraft:block_experience": [
      {
        "effect": {
          "type": "minecraft:multiply",
          "factor": {
                "type": "minecraft:linear",
                "base": 1.5,
                "per_level_above_first": 0.5
          }
        }
      }
    ],
	"minecraft:mob_experience": [
      {
        "effect": {
          "type": "minecraft:multiply",
          "factor": {
                "type": "minecraft:linear",
                "base": 1.5,
                "per_level_above_first": 0.25
          }
        }
      }
    ]
  },
  "exclusive_set": "minecraft:silk_touch",
  "max_cost": {
    "base": 45,
    "per_level_above_first": 10
  },
  "max_level": 3,
  "min_cost": {
    "base": 15,
    "per_level_above_first": 10
  },
  "slots": [
    "mainhand"
  ],
  "supported_items": "#extraenchantments:scholar_compatible",
  "weight": 1
}