{
  "anvil_cost": 4,
  "description": {
    "text": "Spring Step"
  },
  "effects": {
    "minecraft:attributes": [
      {
          "type": "minecraft:attribute",
          "amount": {
			  "type": "minecraft:linear",
			  "base": 0.1,
			  "per_level_above_first": 0.1
		  },
          "attribute": "minecraft:jump_strength",
          "id": "extraenchantments:enchantment.springstepjump",
          "operation": "add_value"
      },
      {
          "type": "minecraft:attribute",
          "amount": 0.5,
          "attribute": "minecraft:step_height",
          "id": "extraenchantments:enchantment.springstepstep",
          "operation": "add_value"
      },
      {
          "type": "minecraft:attribute",
          "amount": {
			  "type": "minecraft:linear",
			  "base": -0.2,
			  "per_level_above_first": -0.15
		  },
          "attribute": "minecraft:fall_damage_multiplier",
          "id": "extraenchantments:enchantment.springstepfallmult",
          "operation": "add_value"
      },
	  {
          "type": "minecraft:attribute",
          "amount": {
			  "type": "minecraft:linear",
			  "base": 1,
			  "per_level_above_first": 1
		  },
          "attribute": "minecraft:safe_fall_distance",
          "id": "extraenchantments:enchantment.springstepsafefall",
          "operation": "add_value"
      }
    ]
  },
  "max_cost": {
    "base": 50,
    "per_level_above_first": 10
  },
  "max_level": 3,
  "min_cost": {
    "base": 20,
    "per_level_above_first": 10
  },
  "exclusive_set": "minecraft:feather_falling",
  "slots": [
    "feet"
  ],
  "supported_items": "#minecraft:enchantable/foot_armor",
  "weight": 2
}