{
  "anvil_cost": 2,
  "description": {
    "text": "Stalwart"
  },
  "effects": {
    "minecraft:attributes": [
      {
          "type": "minecraft:attribute",
          "amount": {
			  "type": "minecraft:linear",
			  "base": 0.2,
			  "per_level_above_first": 0.2
		  },
          "attribute": "minecraft:knockback_resistance",
          "id": "extraenchantments:enchantment.stalwart",
          "operation": "add_value"
      }
    ]
  },
  "max_cost": {
    "base": 50,
    "per_level_above_first": 11
  },
  "max_level": 3,
  "min_cost": {
    "base": 20,
    "per_level_above_first": 11
  },
  "slots": [
    "legs"
  ],
  "supported_items": "#minecraft:enchantable/leg_armor",
  "weight": 2
}