{
  "anvil_cost": 4,
  "description": {
    "text": "Stealth"
  },
  "effects": {
	"minecraft:attributes": [
		{
			"type": "minecraft:attribute",
			"amount": {
				"type": "minecraft:linear",
				"base": -0.25,
				"per_level_above_first": 0.075
			},
			"attribute": "minecraft:sneaking_speed",
			"id": "extraenchantments:enchantment.stealthspeedreduction",
			"operation": "add_value"
		}
	],
	"minecraft:tick": [
	{
		"effect": {
			"type": "minecraft:all_of",
			"effects": [
				{
					"type": "minecraft:apply_mob_effect",
					"to_apply": "minecraft:invisibility",
					"min_duration": 0.1,
					"max_duration": 0.1,
					"min_amplifier": 0,
					"max_amplifier": 0
				},
				{
					"type": "minecraft:apply_mob_effect",
					"to_apply": "minecraft:hunger",
					"min_duration": 1,
					"max_duration": 1,
					"min_amplifier": 3,
					"max_amplifier": 3
				}
			]
		},
		"requirements": {
			"condition": "entity_properties",
			"entity": "this",
			"predicate": {
				"type_specific": {
					"type": "player",
					"input": {
						"sneak": true
					}
				}
			}
		}
	}
	]
  },
  "max_cost": {
    "base": 50,
    "per_level_above_first": 10
  },
  "max_level": 3,
  "min_cost": {
    "base": 20,
    "per_level_above_first": 10
  },
  "exclusive_set": "minecraft:swift_sneak",
  "slots": [
    "legs"
  ],
  "supported_items": "#minecraft:enchantable/leg_armor",
  "weight": 2
}