{
  "anvil_cost": 8,
  "description": {
    "text": "Swift Strike"
  },
  "effects": {
    "minecraft:attributes": [
      {
          "type": "minecraft:attribute",
          "amount": {
			  "type": "minecraft:linear",
			  "base": 0.2,
			  "per_level_above_first": 0.1
		  },
          "attribute": "minecraft:attack_speed",
          "id": "extraenchantments:enchantment.swiftslash",
          "operation": "add_value"
      }
    ]
  },
  "max_cost": {
    "base": 20,
    "per_level_above_first": 10
  },
  "max_level": 3,
  "min_cost": {
    "base": 5,
    "per_level_above_first": 10
  },
  "exclusive_set": "minecraft:sweeping_edge",
  "slots": [
    "mainhand"
  ],
  "primary_items": "#minecraft:enchantable/sword",
  "supported_items": "#minecraft:enchantable/weapon",
  "weight": 2
}