{
  "anvil_cost": 8,
  "description": {
    "text": "Unbreakable"
  },
  "effects": {
    "minecraft:item_damage": [
      {
        "effect": {
          "type": "minecraft:set",
          "value": 0.0
        }
      }
    ]
  },
  "max_cost": {
    "base": 69,
    "per_level_above_first": 0
  },
  "max_level": 1,
  "min_cost": {
    "base": 39,
    "per_level_above_first": 0
  },
  "slots": [
    "mainhand"
  ],
  "exclusive_set": [
	"minecraft:unbreaking",
	"minecraft:mending",
	"minecraft:infinity",
	"extraenchantments:endless_quiver"
  ],
  "supported_items": "#minecraft:enchantable/durability",
  "weight": 1
}