{
  "anvil_cost": 8,
  "description": {
    "text": "Updrafting"
  },
  "effects": {
    "minecraft:tick": [
      {
        "effect": {
          "type": "minecraft:run_function",
		  "function": "extraenchantments:updraft"
        }	
      }
    ]
  },
  "max_cost": {
    "base": 50,
    "per_level_above_first": 10
  },
  "max_level": 1,
  "min_cost": {
    "base": 20,
    "per_level_above_first": 10
  },
  "slots": [
    "chest"
  ],
  "supported_items": "minecraft:elytra",
  "weight": 1
}