{
  "anvil_cost": 4,
  "description": {
    "text": "Venom Aspect"
  },
  "effects": {
    "minecraft:post_attack": [
      {
        "affected": "victim",
        "effect": {
          "type": "minecraft:apply_mob_effect",
		  "to_apply": "minecraft:poison",
          "min_duration": {
            "type": "minecraft:linear",
            "base": 6.0,
            "per_level_above_first": 0.0
          },
		  "max_duration": {
            "type": "minecraft:linear",
            "base": 6.0,
            "per_level_above_first": 0.0
          },
		  "min_amplifier": {
            "type": "minecraft:linear",
            "base": 0.0,
            "per_level_above_first": 1.0
          },
		  "max_amplifier": {
            "type": "minecraft:linear",
            "base": 0.0,
            "per_level_above_first": 1.0
          }
        },
        "enchanted": "attacker"
      }
    ]
  },
  "max_cost": {
    "base": 60,
    "per_level_above_first": 20
  },
  "max_level": 2,
  "min_cost": {
    "base": 10,
    "per_level_above_first": 20
  },
  "exclusive_set": "minecraft:fire_aspect",
  "slots": [
    "mainhand"
  ],
  "supported_items": "#minecraft:enchantable/sword",
  "weight": 2
}