{
  "type": "minecraft:crafting_shaped",
  "pattern": [" E ", "ALA", "PPP"],
  "key": {
    "E": "minecraft:ender_eye",
    "A": "minecraft:amethyst_shard",
    "L": "minecraft:lodestone",
    "P": "minecraft:prismarine_bricks"
  },
  "result": {
    "id": "minecraft:player_head",
    "components": {
      "minecraft:custom_model_data": 11130038,
      "minecraft:lore": [
        "{\"color\":\"dark_gray\",\"italic\":false,\"fallback\":\"Prismarine Waystone\",\"translate\":\"item.pk_waystones.prismarine_waystone\"}"
      ],
      "minecraft:item_name": "{\"color\":\"yellow\",\"italic\":false,\"fallback\":\"Prismarine Waystone\",\"translate\":\"item.pk_waystones.prismarine_waystone\"}",
      "minecraft:custom_data": {
        "pk_data": {
          "custom_block": 1,
          "id": "waystone",
          "from": "waystones",
          "variant": "prismarine",
          "version": 11
        }
      },
      "minecraft:profile": {
        "properties": [
          {
            "name": "textures",
            "value": "eyJ0ZXh0dXJlcyI6eyJTS0lOIjp7InVybCI6Imh0dHBzOi8vdGV4dHVyZXMubWluZWNyYWZ0Lm5ldC90ZXh0dXJlLzcxOThiMWEwODRhYjMwNGNmMDczMTQwNTBlZTIyZjFkMmJiMzMzZjBkODMwZjk0MzRlZDUzNjUwNjM2NDIwYSJ9fX0="
          }
        ]
      }
    }
  }
}
