[
  {
    "function": "minecraft:set_attributes",
    "modifiers": [
      {
        "id": "attack_speed",
        "attribute": "minecraft:attack_speed",
        "amount": -2.8,
        "operation": "add_value",
        "slot": "mainhand"
      },
      {
        "id": "entity_interaction_range",
        "attribute": "minecraft:entity_interaction_range",
        "amount": 0.5,
        "operation": "add_value",
        "slot": "mainhand"
      },
      {
        "id": "attack_damage",
        "attribute": "minecraft:attack_damage",
        "amount": 8,
        "operation": "add_value",
        "slot": "mainhand"
      }
    ],
    "conditions": [
      {
        "condition": "minecraft:entity_properties",
        "entity": "this",
        "predicate": {
          "equipment": {
            "mainhand": {
              "items": "minecraft:netherite_sword"
            }
          }
        }
      }
    ]
  },
  {
    "function": "minecraft:set_attributes",
    "modifiers": [
      {
        "id": "attack_speed",
        "attribute": "minecraft:attack_speed",
        "amount": -2.8,
        "operation": "add_value",
        "slot": "mainhand"
      },
      {
        "id": "entity_interaction_range",
        "attribute": "minecraft:entity_interaction_range",
        "amount": 0.5,
        "operation": "add_value",
        "slot": "mainhand"
      },
      {
        "id": "attack_damage",
        "attribute": "minecraft:attack_damage",
        "amount": 7,
        "operation": "add_value",
        "slot": "mainhand"
      }
    ],
    "conditions": [
      {
        "condition": "minecraft:entity_properties",
        "entity": "this",
        "predicate": {
          "equipment": {
            "mainhand": {
              "items": "minecraft:diamond_sword"
            }
          }
        }
      }
    ]
  },
  {
    "function": "minecraft:set_attributes",
    "modifiers": [
      {
        "id": "attack_speed",
        "attribute": "minecraft:attack_speed",
        "amount": -2.8,
        "operation": "add_value",
        "slot": "mainhand"
      },
      {
        "id": "entity_interaction_range",
        "attribute": "minecraft:entity_interaction_range",
        "amount": 0.5,
        "operation": "add_value",
        "slot": "mainhand"
      },
      {
        "id": "attack_damage",
        "attribute": "minecraft:attack_damage",
        "amount": 6,
        "operation": "add_value",
        "slot": "mainhand"
      }
    ],
    "conditions": [
      {
        "condition": "minecraft:entity_properties",
        "entity": "this",
        "predicate": {
          "equipment": {
            "mainhand": {
              "items": "minecraft:iron_sword"
            }
          }
        }
      }
    ]
  },
  {
    "function": "minecraft:set_attributes",
    "modifiers": [
      {
        "id": "attack_speed",
        "attribute": "minecraft:attack_speed",
        "amount": -2.8,
        "operation": "add_value",
        "slot": "mainhand"
      },
      {
        "id": "entity_interaction_range",
        "attribute": "minecraft:entity_interaction_range",
        "amount": 0.5,
        "operation": "add_value",
        "slot": "mainhand"
      },
      {
        "id": "attack_damage",
        "attribute": "minecraft:attack_damage",
        "amount": 5,
        "operation": "add_value",
        "slot": "mainhand"
      }
    ],
    "conditions": [
      {
        "condition": "minecraft:entity_properties",
        "entity": "this",
        "predicate": {
          "equipment": {
            "mainhand": {
              "items": "minecraft:stone_sword"
            }
          }
        }
      }
    ]
  },
  {
    "function": "minecraft:set_attributes",
    "modifiers": [
      {
        "id": "attack_speed",
        "attribute": "minecraft:attack_speed",
        "amount": -2.8,
        "operation": "add_value",
        "slot": "mainhand"
      },
      {
        "id": "entity_interaction_range",
        "attribute": "minecraft:entity_interaction_range",
        "amount": 0.5,
        "operation": "add_value",
        "slot": "mainhand"
      },
      {
        "id": "attack_damage",
        "attribute": "minecraft:attack_damage",
        "amount": 4,
        "operation": "add_value",
        "slot": "mainhand"
      }
    ],
    "conditions": [
      {
        "condition": "minecraft:any_of",
        "terms": [
          {
            "condition": "minecraft:entity_properties",
            "entity": "this",
            "predicate": {
              "equipment": {
                "mainhand": {
                  "items": "minecraft:golden_sword"
                }
              }
            }
          },
          {
            "condition": "minecraft:entity_properties",
            "entity": "this",
            "predicate": {
              "equipment": {
                "mainhand": {
                  "items": "minecraft:wooden_sword"
                }
              }
            }
          }
        ]
      }
    ]
  },
  {
    "function": "minecraft:set_custom_data",
    "tag": "{ppg.melee:greatsword_on}"
  },
  {
    "function": "minecraft:toggle_tooltips",
    "toggles": {
      "minecraft:attribute_modifiers": false
    }
  }
]
