[
  {
    "function": "minecraft:set_attributes",
    "modifiers": [
      {
        "id": "attack_speed",
        "attribute": "minecraft:attack_speed",
        "amount": -1.6,
        "operation": "add_value",
        "slot": "mainhand"
      },
      {
        "id": "attack_damage",
        "attribute": "minecraft:attack_damage",
        "amount": 1.5,
        "operation": "add_value",
        "slot": "mainhand"
      }
    ],
    "conditions": [
      {
        "condition": "minecraft:any_of",
        "terms": [
          {
            "condition": "minecraft:entity_properties",
            "entity": "this",
            "predicate": {
              "equipment": {
                "offhand": {
                  "items": "minecraft:wooden_pickaxe"
                }
              }
            }
          },
          {
            "condition": "minecraft:entity_properties",
            "entity": "this",
            "predicate": {
              "equipment": {
                "offhand": {
                  "items": "minecraft:golden_pickaxe"
                }
              }
            }
          }
        ]
      }
    ]
  },
  {
    "function": "minecraft:set_attributes",
    "modifiers": [
      {
        "id": "attack_speed",
        "attribute": "minecraft:attack_speed",
        "amount": -1.6,
        "operation": "add_value",
        "slot": "mainhand"
      },
      {
        "id": "attack_damage",
        "attribute": "minecraft:attack_damage",
        "amount": 2,
        "operation": "add_value",
        "slot": "mainhand"
      }
    ],
    "conditions": [
      {
        "condition": "minecraft:entity_properties",
        "entity": "this",
        "predicate": {
          "equipment": {
            "offhand": {
              "items": "minecraft:stone_pickaxe"
            }
          }
        }
      }
    ]
  },
  {
    "function": "minecraft:set_attributes",
    "modifiers": [
      {
        "id": "attack_speed",
        "attribute": "minecraft:attack_speed",
        "amount": -1.6,
        "operation": "add_value",
        "slot": "mainhand"
      },
      {
        "id": "attack_damage",
        "attribute": "minecraft:attack_damage",
        "amount": 2.5,
        "operation": "add_value",
        "slot": "mainhand"
      }
    ],
    "conditions": [
      {
        "condition": "minecraft:entity_properties",
        "entity": "this",
        "predicate": {
          "equipment": {
            "offhand": {
              "items": "minecraft:iron_pickaxe"
            }
          }
        }
      }
    ]
  },
  {
    "function": "minecraft:set_attributes",
    "modifiers": [
      {
        "id": "attack_speed",
        "attribute": "minecraft:attack_speed",
        "amount": -1.6,
        "operation": "add_value",
        "slot": "mainhand"
      },
      {
        "id": "attack_damage",
        "attribute": "minecraft:attack_damage",
        "amount": 3,
        "operation": "add_value",
        "slot": "mainhand"
      }
    ],
    "conditions": [
      {
        "condition": "minecraft:entity_properties",
        "entity": "this",
        "predicate": {
          "equipment": {
            "offhand": {
              "items": "minecraft:diamond_pickaxe"
            }
          }
        }
      }
    ]
  },
  {
    "function": "minecraft:set_attributes",
    "modifiers": [
      {
        "id": "attack_speed",
        "attribute": "minecraft:attack_speed",
        "amount": -1.6,
        "operation": "add_value",
        "slot": "mainhand"
      },
      {
        "id": "attack_damage",
        "attribute": "minecraft:attack_damage",
        "amount": 3.5,
        "operation": "add_value",
        "slot": "mainhand"
      }
    ],
    "conditions": [
      {
        "condition": "minecraft:entity_properties",
        "entity": "this",
        "predicate": {
          "equipment": {
            "offhand": {
              "items": "minecraft:netherite_pickaxe"
            }
          }
        }
      }
    ]
  },
  {
    "function": "minecraft:set_custom_data",
    "tag": "{ppg.melee:knuckles_off}"
  },
  {
    "function": "minecraft:toggle_tooltips",
    "toggles": {
      "minecraft:attribute_modifiers": false
    }
  }
]
