{
  "criteria": {
    "requirement": {
      "trigger": "minecraft:shot_crossbow",
      "conditions": {
        "player": {
          "nbt": "{Inventory:[{id:'minecraft:clock',components:{'minecraft:custom_data':{ppg.item:'encased_arrow'}}}]}",
          "equipment": {
            "mainhand": {
              "items": "minecraft:crossbow",
              "components": {
                "minecraft:custom_data": "{ppg.ranged:mechanical_crossbow}"
              }
            }
          }
        }
      }
    }
  },
  "rewards": {
    "function": "ppgwe:item/mechanical_crossbow/instant_reload"
  }
}
