{
  "condition": "minecraft:any_of",
  "terms": [
    {
      "condition": "minecraft:entity_properties",
      "entity": "this",
      "predicate": {
        "equipment": {
          "mainhand": {
            "items": "minecraft:netherite_axe",
            "components": {
              "minecraft:item_name": "{'text':'Diamond Halberd'}"
            }
          }
        }
      }
    },
    {
      "condition": "minecraft:entity_properties",
      "entity": "this",
      "predicate": {
        "equipment": {
          "mainhand": {
            "items": "minecraft:netherite_axe",
            "components": {
              "minecraft:item_name": "{'text':'Diamond Battle Axe'}"
            }
          }
        }
      }
    },
    {
      "condition": "minecraft:entity_properties",
      "entity": "this",
      "predicate": {
        "equipment": {
          "mainhand": {
            "items": "minecraft:netherite_sword",
            "components": {
              "minecraft:item_name": "{'text':'Diamond Naginata'}"
            }
          }
        }
      }
    },
    {
      "condition": "minecraft:entity_properties",
      "entity": "this",
      "predicate": {
        "equipment": {
          "mainhand": {
            "items": "minecraft:netherite_sword",
            "components": {
              "minecraft:item_name": "{'text':'Diamond Greatsword'}"
            }
          }
        }
      }
    },
    {
      "condition": "minecraft:entity_properties",
      "entity": "this",
      "predicate": {
        "equipment": {
          "mainhand": {
            "items": "minecraft:netherite_sword",
            "components": {
              "minecraft:item_name": "{'text':'Diamond Dao'}"
            }
          }
        }
      }
    },
    {
      "condition": "minecraft:entity_properties",
      "entity": "this",
      "predicate": {
        "equipment": {
          "mainhand": {
            "items": "minecraft:netherite_pickaxe",
            "components": {
              "minecraft:item_name": "{'text':'Diamond Knuckles'}"
            }
          }
        }
      }
    },
    {
      "condition": "minecraft:entity_properties",
      "entity": "this",
      "predicate": {
        "equipment": {
          "mainhand": {
            "items": "minecraft:netherite_sword",
            "components": {
              "minecraft:item_name": "{'text':'Diamond Twinblade'}"
            }
          }
        }
      }
    }
  ]
}
