{
  "criteria": {
    "requirement": {
      "trigger": "minecraft:player_hurt_entity",
      "conditions": {
        "player": [
          {
            "condition": "minecraft:inverted",
            "term": {
              "condition": "minecraft:entity_properties",
              "entity": "this",
              "predicate": {
                "equipment": {
                  "offhand": {
                    "predicates": {
                      "minecraft:enchantments": [
                        {
                          "enchantments": "minecraft:silk_touch"
                        }
                      ]
                    }
                  }
                }
              }
            }
          },
          {
            "condition": "minecraft:entity_properties",
            "entity": "this",
            "predicate": {
              "type_specific": {
                "type": "minecraft:player",
                "gamemode": [
                  "survival"
                ]
              },
              "equipment": {
                "mainhand": {
                  "items": "#minecraft:pickaxes",
                  "components": {
                    "minecraft:custom_model_data": 529000
                  }
                },
                "offhand": {
                  "items": "#minecraft:pickaxes",
                  "components": {
                    "minecraft:custom_model_data": 529000
                  }
                }
              }
            }
          }
        ]
      }
    }
  },
  "rewards": {
    "function": "ppgwe:item/knuckles/close_combat"
  }
}
