{
  "type": "minecraft:block_column",
  "config": {
    "direction": "down",
    "allowed_placement": {
      "type": "minecraft:matching_blocks",
      "blocks": "minecraft:air"
    },
    "prioritize_tip": true,
    "layers": [
      {
        "height": {
          "type": "minecraft:weighted_list",
          "distribution": [
            {
              "weight": 1,
              "data": 8
            },
            {
              "weight": 36,
              "data": {
                "type": "minecraft:uniform",
                  "min_inclusive": 0,
                  "max_inclusive": 2
              }
            }
          ]
        },
        "provider": {
          "type": "minecraft:weighted_state_provider",
          "entries": [
            {
              "weight": 1,
              "data": {
                "Name": "minecraft:dirt"
              }
            },
            {
              "weight": 2,
              "data": {
                "Name": "minecraft:coarse_dirt"
              }
            }
          ]
        }
      },
      {
        "height": {
          "type": "minecraft:weighted_list",
          "distribution": [
            {
              "weight": 1,
              "data": 0
            },
            {
              "weight": 36,
              "data": {
                "type": "minecraft:uniform",
                  "min_inclusive": 5,
                  "max_inclusive": 8
              }
            }
          ]
        },
        "provider": {
          "type": "minecraft:simple_state_provider",
          "state": {
            "Name": "minecraft:air"
           }
        }
      }
    ]
  }
}
