{
  "type": "minecraft:multiface_growth",
  "config": {
    "block": "minecraft:glow_lichen",
    "can_be_placed_on": [
      "minecraft:stone",
      "minecraft:andesite",
      "minecraft:diorite",
      "minecraft:granite",
      "minecraft:dripstone_block",
      "minecraft:calcite",
      "minecraft:tuff",
      "minecraft:deepslate",
      "minecraft:packed_ice",
      "minecraft:blue_ice"
    ],
    "can_place_on_ceiling": true,
    "can_place_on_floor": true,
    "can_place_on_wall": true,
    "chance_of_spreading": 1,
    "search_range": 20
  }
}