{
  "type": "minecraft:waterlogged_vegetation_patch",
  "config": {
      "surface": "floor",
      "depth": 1,
      "vertical_range": 1,
      "extra_bottom_block_chance": 0,
      "extra_edge_column_chance": 0.5,
      "vegetation_chance": 1.0,
      "xz_radius": {
          "type": "minecraft:uniform",
              "min_inclusive": 1,
              "max_inclusive": 2
      },
      "replaceable": "#clifftree:stone_and_deepslate",
      "ground_state": {
          "type": "weighted_state_provider",
          "entries": [
            {
              "data": {
                "Name": "minecraft:magma_block",
                "Properties": {}
              },
              "weight": 1
            },
            {
              "data": {
                "Name": "minecraft:smooth_basalt",
                "Properties": {}
              },
              "weight": 2
            },
            {
              "data": {
                "Name": "minecraft:deepslate",
                "Properties": {}
              },
              "weight": 12
            }
          ]
      },
      "vegetation_feature": {
        "feature": {
          "type": "simple_block",
          "config": {
            "to_place": {
              "type": "minecraft:weighted_state_provider",
              "entries": [
                {
                  "data": {
                    "Name": "minecraft:lava",
                    "Properties": {}
                  },
                  "weight": 2
                },
                {
                  "data": {
                    "Name": "minecraft:magma_block",
                    "Properties": {}
                  },
                  "weight": 3
                }
              ]
            }
          }
        },
        "placement": []
      }
  }
}
