{
  "type": "minecraft:tree",
  "config": {
    "ignore_vines": false,
    "force_dirt": false,
    "minimum_size": {
      "type": "minecraft:two_layers_feature_size",
      "limit": 0,
      "lower_size": 0,
      "upper_size": 0
    },
    "dirt_provider": {
      "type": "minecraft:simple_state_provider",
      "state": {
        "Name": "minecraft:dirt"
      }
    },
    "trunk_provider": {
      "type": "minecraft:simple_state_provider",
      "state": {
        "Name": "minecraft:andesite"
      }
    },
    "foliage_provider": {
      "type": "minecraft:weighted_state_provider",
      "entries": [
        {
          "weight": 3,
          "data": {
            "Name": "minecraft:andesite"
          }
        }
      ]
    },
    "trunk_placer": {
      "type": "minecraft:straight_trunk_placer",
      "base_height": 0,
      "height_rand_a": 0,
      "height_rand_b": 0
    },
    "foliage_placer": {
      "type": "minecraft:cherry_foliage_placer",
      "radius": 2,
      "offset": 0,
      "height": {
        "type": "minecraft:biased_to_bottom",
          "min_inclusive": 5,
          "max_inclusive": 7
      },
      "wide_bottom_layer_hole_chance": 0.4,
      "corner_hole_chance": 0.4,
      "hanging_leaves_chance": 1,
      "hanging_leaves_extension_chance": 1
    },
    "decorators": [
      {
        "type": "minecraft:attached_to_leaves",
        "probability": 0.6,
        "exclusion_radius_xz": 0,
        "exclusion_radius_y": 0,
        "required_empty_blocks": 1,
        "block_provider": {
          "type": "minecraft:simple_state_provider",
          "state": {
            "Name": "minecraft:andesite"
          }
        },
        "directions": [
          "up"
        ]
      }
    ]
  }
}
