{
	"type": "minecraft:random_patch",
	"config": {
		"tries": 64,
		"xz_spread": 4,
		"y_spread": 5,
		"feature": {
			"feature": {
				"type": "minecraft:simple_block",
				"config": {
					"to_place": {
						"type": "minecraft:weighted_state_provider",
						"entries": [
							{
								"weight": 2,
								"data": {
									"Name": "minecraft:brown_mushroom"
								}
							},
							{
								"weight": 1,
								"data": {
									"Name": "minecraft:red_mushroom"
								}
							}
						]
					}
				}
			},
			"placement": [
				{
					"type": "minecraft:block_predicate_filter",
					"predicate": {
						"type": "minecraft:all_of",
						"predicates": [
							{
								"type": "minecraft:matching_blocks",
								"blocks": "minecraft:air"
							},
							{
								"type": "minecraft:matching_block_tag",
								"offset": [
									0,
									-1,
									0
								],
								"tag": "minecraft:base_stone_overworld"
							}
						]
					}
				}
			]
		}
	}
}
