{
  "type": "minecraft:ore",
  "config": {
    "discard_chance_on_air_exposure": 0.1,
    "size": 20,
    "targets": [
      {
        "state": {
          "Name": "minecraft:coarse_dirt"
        },
        "target": {
          "predicate_type": "minecraft:tag_match",
          "tag": "clifftree:stone_level"
        }
      },
      {
        "state": {
          "Name": "minecraft:gravel"
        },
        "target": {
          "predicate_type": "minecraft:tag_match",
          "tag": "clifftree:deepslate_level"
        }
      }
    ]
  }
}