{
  "type": "minecraft:simple_block",
  "config": {
    "to_place": {
      "type": "minecraft:weighted_state_provider",
      "entries": [
        {
          "weight": 25,
          "data": {
            "Name": "minecraft:short_grass"
          }
        },
        {
          "weight": 4,
          "data": {
            "Name": "minecraft:tall_grass",
            "Properties": {
              "half": "lower"
            }
          }
        },
        {
          "weight": 1,
          "data": {
            "Name": "minecraft:closed_eyeblossom"
          }
        }
      ]
    },
    "schedule_tick": true
  }
}
