{
  "type": "minecraft:random_patch",
  "config": {
    "feature": {
      "feature": {
        "type": "minecraft:simple_block",
        "config": {
          "to_place": {
            "type": "minecraft:simple_state_provider",
            "state": {
              "Name": "minecraft:short_grass"
            }
          }
        }
      },
      "placement": [
        {
          "type": "minecraft:block_predicate_filter",
          "predicate": {
            "type": "minecraft:matching_blocks",
            "blocks": "minecraft:air"
          }
        },
		{
          "type": "minecraft:block_predicate_filter",
          "predicate": {
            "type": "minecraft:matching_block_tag",
            "tag": "clifftree:true_dirt",
			"offset": [
             0,
             -1,
             0
            ]
          }
        }
      ]
    },
    "tries": 32,
    "xz_spread": 7,
    "y_spread": 3
  }
}