{
  "type": "minecraft:vegetation_patch",
  "config": {
    "surface": "floor",
    "depth": {
      "type": "minecraft:uniform",
        "min_inclusive": 1,
        "max_inclusive": 1
    },
    "vertical_range": 2,
    "extra_bottom_block_chance": 0,
    "extra_edge_column_chance": 0.5,
    "vegetation_chance": 0,
    "xz_radius": {
      "type": "minecraft:uniform",
        "min_inclusive": 1,
        "max_inclusive": 4
    },
    "replaceable": "#clifftree:savanna_terracotta",
    "ground_state": {
      "type": "minecraft:dual_noise_provider",
      "seed": 1234,
      "noise": {
        "firstOctave": -3,
        "amplitudes": [
          0.01
        ]
      },
      "scale": 1,
      "variety": {
        "min_inclusive": 1,
        "max_inclusive": 30
      },
      "slow_noise": {
        "firstOctave": -7,
        "amplitudes": [
          1
        ]
      },
      "slow_scale": 1,
      "states": [
        {
          "Name": "minecraft:grass_block"
        },
        {
          "Name": "minecraft:grass_block"
        },
        {
          "Name": "minecraft:grass_block"
        },
        {
          "Name": "minecraft:grass_block"
        },
        {
          "Name": "minecraft:light_gray_terracotta"
        },
        {
          "Name": "minecraft:grass_block"
        }
      ]
    },
    "vegetation_feature": "minecraft:patch_grass_savanna"
  }
}
