{
  "type": "minecraft:tree",
  "config": {
    "decorators": [
	{
        "type": "minecraft:attached_to_leaves",
        "probability": 1,
        "exclusion_radius_xz": 0,
        "exclusion_radius_y": 0,
        "required_empty_blocks": 1,
        "block_provider": {
          "type": "minecraft:simple_state_provider",
          "state": {
            "Name": "minecraft:snow",
            "Properties": {
              "layers": "1"
            }
          }
        },
        "directions": [
          "up"
        ]
    },
    {"type": "minecraft:alter_ground",
    "provider": {
      "type": "minecraft:simple_state_provider",
      "state": {
        "Name": "minecraft:grass_block",
        "Properties": {
          "snowy": "false"
        }
      }
    }
  }
	],
    "dirt_provider": {
      "type": "minecraft:simple_state_provider",
      "state": {
        "Name": "minecraft:dirt"
      }
    },
    "foliage_placer": {
      "type": "minecraft:pine_foliage_placer",
      "height": {
        "type": "minecraft:uniform",
          "max_inclusive": 4,
          "min_inclusive": 3
      },
      "offset": 1,
      "radius": 1
    },
    "foliage_provider": {
      "type": "minecraft:simple_state_provider",
      "state": {
        "Name": "minecraft:spruce_leaves",
        "Properties": {
          "distance": "7",
          "persistent": "false",
          "waterlogged": "false"
        }
      }
    },
    "force_dirt": false,
    "ignore_vines": true,
    "minimum_size": {
      "type": "minecraft:two_layers_feature_size",
      "limit": 2,
      "lower_size": 0,
      "upper_size": 2
    },
    "trunk_placer": {
      "type": "minecraft:straight_trunk_placer",
      "base_height": 6,
      "height_rand_a": 4,
      "height_rand_b": 0
    },
    "trunk_provider": {
      "type": "minecraft:simple_state_provider",
      "state": {
        "Name": "minecraft:spruce_log",
        "Properties": {
          "axis": "y"
        }
      }
    }
  }
}