{
  "type": "minecraft:disk",
  "config": {
    "half_height": 1,
    "radius": {
      "type": "minecraft:uniform",
        "max_inclusive": 4,
        "min_inclusive": 2
    },
    "state_provider": {
      "fallback": {
        "type": "minecraft:simple_state_provider",
        "state": {
          "Name": "minecraft:snow_block"
        }
      },
      "rules": [

      ]
    },
    "target": {
      "type": "minecraft:matching_block_tag",
      "tag": "clifftree:stone_and_deepslate"
    }
  }
}