{
  "type": "minecraft:vegetation_patch",
  "config": {
      "surface": "floor",
      "depth": {
          "type": "minecraft:uniform",
              "min_inclusive": 1,
              "max_inclusive": 3
      },
      "vertical_range": 12,
      "extra_bottom_block_chance": 0,
      "extra_edge_column_chance": 1,
      "vegetation_chance": 1.0,
      "xz_radius": {
          "type": "minecraft:uniform",
              "min_inclusive": 3,
              "max_inclusive": 6
      },
      "replaceable": "#clifftree:stone_and_deepslate",
      "ground_state": {
          "type": "minecraft:simple_state_provider",
          "state": {
              "Name": "minecraft:snow_block"
          }
      },
      "vegetation_feature": {
          "feature": "clifftree:snow_patches_cave",
          "placement": []
      }
  }
}
