{
  "type": "minecraft:random_patch",
  "config": {
    "tries": 128,
    "xz_spread": 4,
    "y_spread": 3,
    "feature": {
      "feature": {
        "type": "random_selector",
        "config": {
          "default": {
            "feature": {
              "type": "minecraft:simple_block",
              "config": {
                "to_place": {
                  "type": "minecraft:simple_state_provider",
                  "state": {
                    "Name": "minecraft:snow",
                    "Properties": {
                      "layers": "1"
                    }
                  }
                }
              }
            },
            "placement": [
              {
                "type": "block_predicate_filter",
                "predicate": {
                  "type": "not",
                  "predicate": {
                    "type": "matching_blocks",
                    "blocks": [
                      "grass_block",
                      "minecraft:podzol"
                    ],
                    "offset": [
                      0,
                      -1,
                      0
                    ]
                  }
                }
              }
            ]
          },
          "features": [
            {
              "chance": 0.3,
              "feature": {
                "feature": {
                  "type": "block_column",
                  "config": {
                    "allowed_placement": {
                      "type": "inside_world_bounds",
                      "offset": [
                        0,
                        1,
                        0
                      ]
                    },
                    "direction": "down",
                    "layers": [
                      {
                        "height": 1,
                        "provider": {
                          "type": "minecraft:simple_state_provider",
                          "state": {
                            "Name": "minecraft:snow",
                            "Properties": {
                              "layers": "1"
                            }
                          }
                        }
                      },
                      {
                        "height": 1,
                        "provider": {
                          "type": "minecraft:simple_state_provider",
                          "state": {
                            "Name": "minecraft:grass_block",
                            "Properties": {
                              "snowy": "true"
                            }
                          }
                        }
                      }
                    ],
                    "prioritize_tip": false
                  }
                },
                "placement": [
                  {
                    "type": "block_predicate_filter",
                    "predicate": {
                      "type": "matching_blocks",
                      "blocks": "grass_block",
                      "offset": [
                        0,
                        -1,
                        0
                      ]
                    }
                  }
                ]
              }
            },
            {
              "chance": 0.3,
              "feature": {
                "feature": {
                  "type": "block_column",
                  "config": {
                    "allowed_placement": {
                      "type": "inside_world_bounds",
                      "offset": [
                        0,
                        1,
                        0
                      ]
                    },
                    "direction": "down",
                    "layers": [
                      {
                        "height": 1,
                        "provider": {
                          "type": "minecraft:simple_state_provider",
                          "state": {
                            "Name": "minecraft:snow",
                            "Properties": {
                              "layers": "1"
                            }
                          }
                        }
                      },
                      {
                        "height": 1,
                        "provider": {
                          "type": "minecraft:simple_state_provider",
                          "state": {
                            "Name": "minecraft:podzol",
                            "Properties": {
                              "snowy": "true"
                            }
                          }
                        }
                      }
                    ],
                    "prioritize_tip": false
                  }
                },
                "placement": [
                  {
                    "type": "block_predicate_filter",
                    "predicate": {
                      "type": "matching_blocks",
                      "blocks": "podzol",
                      "offset": [
                        0,
                        -1,
                        0
                      ]
                    }
                  }
                ]
              }
            }
          ]
        }
      },
      "placement": [
        {
          "type": "minecraft:block_predicate_filter",
          "predicate": {
            "type": "minecraft:all_of",
            "predicates": [
              {
                "type": "minecraft:matching_blocks",
                "blocks": "minecraft:air"
              },
              {
                "type": "has_sturdy_face",
                "direction": "up",
                "offset": [
                  0,
                  -1,
                  0
                ]
              }
            ]
          }
        }
      ]
    }
  }
}