{
  "type": "minecraft:tree",
  "config": {
    "ignore_vines": true,
    "force_dirt": false,
    "minimum_size": {
      "type": "minecraft:two_layers_feature_size",
      "limit": 1,
      "lower_size": 0,
      "upper_size": 1
    },
    "dirt_provider": {
      "type": "minecraft:simple_state_provider",
      "state": {
        "Name": "minecraft:dirt"
      }
    },
    "trunk_provider": {
      "type": "minecraft:simple_state_provider",
      "state": {
        "Name": "minecraft:birch_log",
        "Properties": {
          "axis": "y"
        }
      }
    },
    "foliage_provider": {
      "type": "minecraft:simple_state_provider",
      "state": {
        "Name": "minecraft:birch_leaves",
        "Properties": {
          "distance": "7",
          "persistent": "false",
          "waterlogged": "false"
        }
      }
    },
    "trunk_placer": {
      "type": "minecraft:straight_trunk_placer",
      "base_height": 8,
      "height_rand_a": 1,
      "height_rand_b": 4
    },
    "foliage_placer": {
      "type": "minecraft:cherry_foliage_placer",
      "radius": 4,
      "offset": 0,
      "height": 5,
      "wide_bottom_layer_hole_chance": 0,
      "corner_hole_chance": 0.7,
      "hanging_leaves_chance": 0,
      "hanging_leaves_extension_chance": 0
    },
    "decorators": [
      {"type": "trunk_vine"}
    ]
  }
}
