{
  "type": "minecraft:random_selector",
  "config": {
    "default": "clifftree:jungle_tree",
    "features": [
      {
        "chance": 0.25,
        "feature": {
          "feature": "clifftree:jungle_tree_alt",
          "placement": [
            {
              "type": "minecraft:block_predicate_filter",
              "predicate": {
                "type": "minecraft:all_of",
                "predicates": [
                  {
                    "type": "minecraft:matching_blocks",
                    "blocks": "minecraft:air"
                  },
                  {
                    "type": "minecraft:matching_block_tag",
                    "offset": [
                      0,
                      -1,
                      0
                    ],
                    "tag": "clifftree:true_dirt"
                  },
                  {
                    "type": "minecraft:would_survive",
                    "state": {
                      "Name": "minecraft:jungle_sapling",
                      "Properties": {
                        "stage": "0"
                      }
                    }
                  }
                ]
              }
            }
          ]
        }
      },
      {
        "chance": 0.2,
        "feature": {
          "feature": "minecraft:acacia",
          "placement": [
            {
              "type": "minecraft:block_predicate_filter",
              "predicate": {
                "type": "minecraft:all_of",
                "predicates": [
                  {
                    "type": "minecraft:matching_blocks",
                    "blocks": "minecraft:air"
                  },
                  {
                    "type": "minecraft:matching_block_tag",
                    "offset": [
                      0,
                      -1,
                      0
                    ],
                    "tag": "clifftree:true_dirt"
                  },
                  {
                    "type": "minecraft:would_survive",
                    "state": {
                      "Name": "minecraft:acacia_sapling",
                      "Properties": {
                        "stage": "0"
                      }
                    }
                  }
                ]
              }
            }
          ]
        }
      }
    ]
  }
}