{
  "type": "minecraft:vegetation_patch",
  "config": {
      "surface": "floor",
      "depth": {
          "type": "minecraft:uniform",
              "min_inclusive": 2,
              "max_inclusive": 3
      },
      "vertical_range": 5,
      "extra_bottom_block_chance": 0.5,
      "extra_edge_column_chance": 0.5,
      "vegetation_chance": 0.001,
      "xz_radius": {
          "type": "minecraft:uniform",
              "min_inclusive": 1,
              "max_inclusive": 3
      },
      "replaceable": "#clifftree:deepslate_level",
      "ground_state": {
          "type": "minecraft:simple_state_provider",
          "state": {
              "Name": "minecraft:tuff"
          }
      },
      "vegetation_feature": {
          "feature": "minecraft:ore_tuff",
          "placement": [
          ]
      }
  }
}
