{
    "type": "minecraft:vegetation_patch",
    "config": {
        "surface": "ceiling",
        "depth": {
            "type": "minecraft:uniform",
                "min_inclusive": 6,
                "max_inclusive": 8
        },
        "vertical_range": 12,
        "extra_bottom_block_chance": 0.8,
        "extra_edge_column_chance": 0.8,
        "vegetation_chance": 1.0,
        "xz_radius": {
            "type": "minecraft:uniform",
                "min_inclusive": 5,
                "max_inclusive": 10
        },
        "replaceable": "#minecraft:base_stone_overworld",
        "ground_state": {
            "type": "minecraft:simple_state_provider",
            "state": {
                "Name": "minecraft:gray_terracotta"
            }
        },
        "vegetation_feature": {
            "feature": "clifftree:warm_ceiling_disk",
            "placement": [
            ]
        }
    }
  }
  