{
  "type": "minecraft:waterlogged_vegetation_patch",
  "config": {
    "surface": "floor",
    "depth": {
      "type": "minecraft:uniform",
      "min_inclusive": 2,
      "max_inclusive": 3
    },
    "vertical_range": 4,
    "extra_bottom_block_chance": 0.5,
    "extra_edge_column_chance": 0.5,
    "vegetation_chance": 0.05,
    "xz_radius": 4,
    "replaceable": "#clifftree:true_dirt",
    "ground_state": {
      "type": "minecraft:simple_state_provider",
      "state": {
        "Name": "minecraft:andesite"
      }
    },
    "vegetation_feature": {
      "feature": "clifftree:forest_rock",
      "placement": []
    }
  }
}
