[
  {
    "function": "minecraft:set_components",
    "components": {
      "minecraft:attribute_modifiers": {
        "modifiers": [
          {
            "id": "attack_speed",
            "type": "minecraft:attack_speed",
            "amount": -2.7,
            "operation": "add_value",
            "slot": "mainhand"
          },
          {
            "id": "attack_damage",
            "type": "minecraft:attack_damage",
            "amount": 6.5,
            "operation": "add_value",
            "slot": "mainhand"
          },
          {
            "id": "entity_interaction_range",
            "type": "minecraft:entity_interaction_range",
            "amount": 0.5,
            "operation": "add_value",
            "slot": "mainhand"
          }
        ],
        "show_in_tooltip": false
      },
      "minecraft:lore": [
        "{'text':' '}",
        "{'color':'gray','italic':false,'text':'When in Main Hand:'}",
        "{'color':'dark_green','italic':false,'text':' 7.5 Attack Damage'}",
        "{'color':'dark_green','italic':false,'text':' 1.3 Attack Speed'}",
        "{'color':'dark_green','italic':false,'text':' +0.5 Entity Reach'}"
      ],
      "minecraft:item_name": "{\"text\":\"Netherite Naginata\"}"
    },
    "conditions": [
      {
        "condition": "minecraft:entity_properties",
        "entity": "this",
        "predicate": {
          "equipment": {
            "mainhand": {
              "items": "minecraft:netherite_sword",
              "components": {
                "minecraft:custom_model_data": 529000
              }
            }
          }
        }
      }
    ]
  },
  {
    "function": "minecraft:set_components",
    "components": {
      "minecraft:attribute_modifiers": {
        "modifiers": [
          {
            "id": "attack_speed",
            "type": "minecraft:attack_speed",
            "amount": -2.8,
            "operation": "add_value",
            "slot": "mainhand"
          },
          {
            "id": "attack_damage",
            "type": "minecraft:attack_damage",
            "amount": 8,
            "operation": "add_value",
            "slot": "mainhand"
          },
          {
            "id": "entity_interaction_range",
            "type": "minecraft:entity_interaction_range",
            "amount": 0.5,
            "operation": "add_value",
            "slot": "mainhand"
          }
        ],
        "show_in_tooltip": false
      },
      "minecraft:lore": [
        "{'text':' '}",
        "{'bold':true,'color':'white','italic':false,'text':'[TWO-HANDED]'}",
        "[{'color':'red','italic':false,'text':'-50% Attack Speed '},{'color':'gray','italic':false,'text':'and'},{'color':'red','italic':false,'text':' -30% Movement'}]",
        "[{'color':'red','italic':false,'text':'Speed '},{'color':'gray','text':'when held if Off Hand is not empty'}]",
        "{'text':' '}",
        "{'color':'gray','italic':false,'text':'When in Main Hand:'}",
        "{'color':'dark_green','italic':false,'text':' 9 Attack Damage'}",
        "{'color':'dark_green','italic':false,'text':' 1.2 Attack Speed'}",
        "{'color':'dark_green','italic':false,'text':' +0.5 Entity Reach'}"
      ],
      "minecraft:item_name": "{\"text\":\"Netherite Greatsword\"}"
    },
    "conditions": [
      {
        "condition": "minecraft:entity_properties",
        "entity": "this",
        "predicate": {
          "equipment": {
            "mainhand": {
              "items": "minecraft:netherite_sword",
              "components": {
                "minecraft:custom_model_data": 529001
              }
            }
          }
        }
      }
    ]
  },
  {
    "function": "minecraft:set_components",
    "components": {
      "minecraft:attribute_modifiers": {
        "modifiers": [
          {
            "id": "attack_speed",
            "type": "minecraft:attack_speed",
            "amount": -2,
            "operation": "add_value",
            "slot": "mainhand"
          },
          {
            "id": "attack_damage",
            "type": "minecraft:attack_damage",
            "amount": 6,
            "operation": "add_value",
            "slot": "mainhand"
          }
        ],
        "show_in_tooltip": false
      },
      "minecraft:lore": [
        "{'text':' '}",
        "{'color':'gray','italic':false,'text':'When in Main Hand:'}",
        "{'color':'dark_green','italic':false,'text':' 7 Attack Damage'}",
        "{'color':'dark_green','italic':false,'text':' 2 Attack Speed'}"
      ],
      "minecraft:item_name": "{\"text\":\"Netherite Dao\"}"
    },
    "conditions": [
      {
        "condition": "minecraft:entity_properties",
        "entity": "this",
        "predicate": {
          "equipment": {
            "mainhand": {
              "items": "minecraft:netherite_sword",
              "components": {
                "minecraft:custom_model_data": 529003
              }
            }
          }
        }
      }
    ]
  },
  {
    "function": "minecraft:set_components",
    "components": {
      "minecraft:attribute_modifiers": {
        "modifiers": [
          {
            "id": "attack_speed",
            "type": "minecraft:attack_speed",
            "amount": -3.2,
            "operation": "add_value",
            "slot": "mainhand"
          },
          {
            "id": "attack_damage",
            "type": "minecraft:attack_damage",
            "amount": 10,
            "operation": "add_value",
            "slot": "mainhand"
          }
        ],
        "show_in_tooltip": false
      },
      "minecraft:lore": [
        "{'text':' '}",
        "{'color':'gray','italic':false,'text':'When in Main Hand:'}",
        "{'color':'dark_green','italic':false,'text':' 11 Attack Damage'}",
        "{'color':'dark_green','italic':false,'text':' 0.8 Attack Speed'}"
      ],
      "minecraft:item_name": "{\"text\":\"Netherite Battle Axe\"}"
    },
    "conditions": [
      {
        "condition": "minecraft:entity_properties",
        "entity": "this",
        "predicate": {
          "equipment": {
            "mainhand": {
              "items": "minecraft:netherite_axe",
              "components": {
                "minecraft:custom_model_data": 529000
              }
            }
          }
        }
      }
    ]
  },
  {
    "function": "minecraft:set_components",
    "components": {
      "minecraft:attribute_modifiers": {
        "modifiers": [
          {
            "id": "attack_speed",
            "type": "minecraft:attack_speed",
            "amount": -3.2,
            "operation": "add_value",
            "slot": "mainhand"
          },
          {
            "id": "attack_damage",
            "type": "minecraft:attack_damage",
            "amount": 10,
            "operation": "add_value",
            "slot": "mainhand"
          },
          {
            "id": "entity_interaction_range",
            "type": "minecraft:entity_interaction_range",
            "amount": 0.5,
            "operation": "add_value",
            "slot": "mainhand"
          }
        ],
        "show_in_tooltip": false
      },
      "minecraft:lore": [
        "{'text':' '}",
        "{'bold':true,'color':'white','italic':false,'text':'[TWO-HANDED]'}",
        "[{'color':'red','italic':false,'text':'-50% Attack Speed '},{'color':'gray','italic':false,'text':'and'},{'color':'red','italic':false,'text':' -30% Movement'}]",
        "[{'color':'red','italic':false,'text':'Speed '},{'color':'gray','text':'when held if Off Hand is not empty'}]",
        "{'text':' '}",
        "{'color':'gray','italic':false,'text':'When in Main Hand:'}",
        "{'color':'dark_green','italic':false,'text':' 11 Attack Damage'}",
        "{'color':'dark_green','italic':false,'text':' 0.8 Attack Speed'}",
        "{'color':'dark_green','italic':false,'text':' +0.5 Entity Reach'}"
      ],
      "minecraft:item_name": "{\"text\":\"Netherite Halberd\"}"
    },
    "conditions": [
      {
        "condition": "minecraft:entity_properties",
        "entity": "this",
        "predicate": {
          "equipment": {
            "mainhand": {
              "items": "minecraft:netherite_axe",
              "components": {
                "minecraft:custom_model_data": 529001
              }
            }
          }
        }
      }
    ]
  },
  {
    "function": "minecraft:set_components",
    "components": {
      "minecraft:attribute_modifiers": {
        "modifiers": [
          {
            "id": "attack_speed",
            "type": "minecraft:attack_speed",
            "amount": -1.6,
            "operation": "add_value",
            "slot": "mainhand"
          },
          {
            "id": "attack_damage",
            "type": "minecraft:attack_damage",
            "amount": 3.5,
            "operation": "add_value",
            "slot": "mainhand"
          }
        ],
        "show_in_tooltip": false
      },
      "minecraft:lore": [
        "{'text':' '}",
        "{'bold':true,'color':'white','italic':false,'text':'[CLOSE COMBAT]'}",
        "{'color':'gray','italic':false,'text':'When knuckles are held in both hands, '}",
        "{'color':'gray','italic':false,'text':'combine their damage bonuses. '}",
        "{'text':' '}",
        "{'color':'gray','italic':false,'text':'When in Main Hand:'}",
        "{'color':'dark_green','italic':false,'text':' 4.5 Attack Damage'}",
        "{'color':'dark_green','italic':false,'text':' 2.4 Attack Speed'}"
      ],
      "minecraft:item_name": "{\"text\":\"Netherite Knuckles\"}"
    },
    "conditions": [
      {
        "condition": "minecraft:entity_properties",
        "entity": "this",
        "predicate": {
          "equipment": {
            "mainhand": {
              "items": "minecraft:netherite_pickaxe",
              "components": {
                "minecraft:custom_model_data": 529000
              }
            }
          }
        }
      }
    ]
  },
  {
    "function": "minecraft:set_components",
    "components": {
      "minecraft:attribute_modifiers": {
        "modifiers": [
          {
            "id": "attack_speed",
            "type": "minecraft:attack_speed",
            "amount": -2.8,
            "operation": "add_value",
            "slot": "mainhand"
          },
          {
            "id": "attack_damage",
            "type": "minecraft:attack_damage",
            "amount": 6,
            "operation": "add_value",
            "slot": "mainhand"
          }
        ],
        "show_in_tooltip": false
      },
      "lore": [
        "{'text':' '}",
        "{'bold':true,'color':'white','italic':false,'text':'[SPIN COMBO]'}",
        "{'color':'gray','italic':false,'text':'Landing consecutive hits on good'}",
        "{'color':'gray','italic':false,'text':'timing increases attack speed until'}",
        "{'color':'gray','italic':false,'text':'a strong heavy attack can be used.'}",
        "{'text':' '}",
        "{'color':'gray','italic':false,'text':'When in Main Hand:'}",
        "{'color':'dark_green','italic':false,'text':' 7 Attack Damage'}",
        "{'color':'dark_green','italic':false,'text':' 1.2 Attack Speed'}"
      ],
      "minecraft:item_name": "{\"text\":\"Netherite Twinblade\"}"
    },
    "conditions": [
      {
        "condition": "minecraft:entity_properties",
        "entity": "this",
        "predicate": {
          "equipment": {
            "mainhand": {
              "items": "minecraft:netherite_sword",
              "components": {
                "minecraft:custom_model_data": 529004
              }
            }
          }
        }
      }
    ]
  }
]
