{
	"fallback": "minecraft:empty",
	"elements": [{
		"weight": 10,
		"element": {
			"element_type": "minecraft:single_pool_element",
			"location": "tbirds:village_creole/paths/river_end",
			"processors": "minecraft:empty",
			"projection": "rigid"
		}
	},{
		"weight": 4,
		"element": {
			"element_type": "minecraft:single_pool_element",
			"location": "tbirds:village_creole/paths/rd2_rv2",
			"processors": "minecraft:empty",
			"projection": "rigid"
		}
	},{
		"weight": 2,
		"element": {
			"element_type": "minecraft:single_pool_element",
			"location": "tbirds:village_creole/paths/bg2_rv2",
			"processors": "minecraft:empty",
			"projection": "rigid"
		}
	},{
		"weight": 3,
		"element": {
			"element_type": "minecraft:single_pool_element",
			"location": "tbirds:village_creole/paths/rd1_bg1_rv2",
			"processors": "minecraft:empty",
			"projection": "rigid"
		}
	},{
		"weight": 1,
		"element": {
			"element_type": "minecraft:single_pool_element",
			"location": "tbirds:village_creole/paths/river_large_l",
			"processors": "minecraft:empty",
			"projection": "rigid"
		}
	},{
		"weight": 1,
		"element": {
			"element_type": "minecraft:single_pool_element",
			"location": "tbirds:village_creole/paths/river_straight_a",
			"processors": "minecraft:empty",
			"projection": "rigid"
		}
	},{
		"weight": 1,
		"element": {
			"element_type": "minecraft:single_pool_element",
			"location": "tbirds:village_creole/paths/river_straight_b",
			"processors": "minecraft:empty",
			"projection": "rigid"
		}
	},{
		"weight": 1,
		"element": {
			"element_type": "minecraft:single_pool_element",
			"location": "tbirds:village_creole/paths/river_straight_c",
			"processors": "minecraft:empty",
			"projection": "rigid"
		}
	}]
}