{
	"fallback": "minecraft:empty",
	"elements": [{
		"weight": 5,
		"element": {
			"element_type": "minecraft:empty_pool_element"
		}
	},{
		"weight": 5,
		"element": {
			"element_type": "minecraft:single_pool_element",
			"location": "tbirds:village_creole/paths/road_straight",
			"processors": "minecraft:empty",
			"projection": "terrain_matching"
		}
	},{
		"weight": 3,
		"element": {
			"element_type": "minecraft:single_pool_element",
			"location": "tbirds:village_creole/paths/road_l",
			"processors": "minecraft:empty",
			"projection": "terrain_matching"
		}
	},{
		"weight": 2,
		"element": {
			"element_type": "minecraft:single_pool_element",
			"location": "tbirds:village_creole/paths/road_t",
			"processors": "minecraft:empty",
			"projection": "terrain_matching"
		}
	},{
		"weight": 2,
		"element": {
			"element_type": "minecraft:single_pool_element",
			"location": "tbirds:village_creole/paths/road_x",
			"processors": "minecraft:empty",
			"projection": "terrain_matching"
		}
	},{
		"weight": 2,
		"element": {
			"element_type": "minecraft:single_pool_element",
			"location": "tbirds:village_creole/paths/rd2_rv2",
			"processors": "minecraft:empty",
			"projection": "rigid"
		}
	},{
		"weight": 2,
		"element": {
			"element_type": "minecraft:single_pool_element",
			"location": "tbirds:village_creole/paths/rd1_bg1_rv2",
			"processors": "minecraft:empty",
			"projection": "rigid"
		}
	}]
}