{
	"condition": "any_of",
	"terms": [
	{
		"condition": "location_check",
		"offsetY": -10,
		"predicate": {
			"biomes": ["minecraft:warm_ocean", "minecraft:lukewarm_ocean", "minecraft:cold_ocean", "minecraft:ocean", "minecraft:deep_ocean", "minecraft:deep_cold_ocean", "minecraft:deep_lukewarm_ocean"],
			"fluid": {
				"fluids": "minecraft:water"
			}
		}
	},
	{
		"condition": "location_check",
		"offsetY": -5,
		"predicate": {
			"biomes": ["minecraft:beach", "minecraft:river"],
			"fluid": {
				"fluids": "minecraft:water"
			}
		}
	},
	{
		"condition": "location_check",
		"offsetY": -10,
		"predicate": {
			"fluid": {
				"fluids": "minecraft:lava"
			}
		}
	},
	{
		"condition": "location_check",
		"offsetY": -8,
		"predicate": {
			"fluid": {
				"fluids": "minecraft:lava"
			}
		}
	},
	{
		"condition": "location_check",
		"offsetY": -6,
		"predicate": {
			"fluid": {
				"fluids": "minecraft:lava"
			}
		}
	},
	{
		"condition": "location_check",
		"offsetY": -4,
		"predicate": {
			"fluid": {
				"fluids": "minecraft:lava"
			}
		}
	},
	{
		"condition": "location_check",
		"offsetY": -2,
		"predicate": {
			"fluid": {
				"fluids": "minecraft:lava"
			}
		}
	}
	]
}
		