{
	"type": "chest",
	"pools": [{
		"rolls": 1,
		"entries": [{
			"type": "item",
			"name": "minecraft:chest",
			"functions": [{
				"function": "set_count",
				"count": {
					"type": "binomial",
					"n": 3,
					"p": 0.3
				}
			}]
		}]
	},{
		"rolls": 1,
		"conditions": [{
			"condition": "random_chance",
			"chance": 0.05
		}],
		"entries": [{
			"type": "item",
			"name": "minecraft:chest",
			"functions": [{
				"function": "set_loot_table",
				"type": "chest",
				"name": "tbirds:village_mansion/chestchest"
			}]
		}]
		
	}]
}