{ "pools": [{
	"rolls": {
		"type": "uniform",
		"min": 1,
		"max": 3
	},
	"entries": [{
		"type": "item",
		"name": "minecraft:cod",
		"weight": 5,
		"functions": [{
			"function": "set_count",
			"count": {
				"type": "uniform",
				"min": 1,
				"max": 3
			}
		}]
	},{
		"type": "item",
		"name": "minecraft:fishing_rod",
		"weight": 1
	},{
		"type": "item",
		"name": "minecraft:potion",
		"weight": 1,
		"functions": [{
			"function": "set_lore",
			"mode": "replace_all",
			"lore": [{
				"text": "SPF 50",
				"color": "yellow",
				"italic": false
			},
				"Not recommended for consumption."
			]
		},{
			"function": "set_components",
			"components": {
				"custom_name": '{"text":"Sunscreen","italic":false}',
				"potion_contents": {
					"custom_effects": [{
						"id": "minecraft:nausea",
						"duration": 300
					}],
					"custom_color": 16777215
				},
				"hide_additional_tooltip": {}
			}
		}]
	}]
}]}