{
  "type": "minecraft:crafting_shaped",
  "category": "equipment",
  "pattern": [
    "###",
    "#S#",
    "###"
  ],
  "key": {
    "#": "minecraft:leather",
    "S": "minecraft:string"
  },
  "result": {
    "id": "minecraft:carrot_on_a_stick",
    "count": 1,
    "components": {
      "minecraft:custom_model_data": 822300,
      "minecraft:custom_data": "{ulg:{BackPack:{Inventory:[],CustomModelData:822300,Opened:false,newV:true}}}",
      "minecraft:custom_name": "{\"translate\": \"ulg.item.backpack\",\"color\": \"gold\",\"italic\": false}"
    }
  }
}
