{
    "type": "minecraft:crafting_shaped",
    "pattern": [
        "###",
        "#S#",
        "###"
    ],
    "key": {
        "#": {
            "item": "minecraft:leather"
        },
        "S": {
            "item": "minecraft:purple_dye"
        }
    },
    "result": {
      "id": "minecraft:carrot_on_a_stick",
      "count": 1,
      "components": {
        "minecraft:custom_model_data": 822326,
        "minecraft:custom_data": "{ulg:{BackPack:{Inventory:[],CustomModelData:822326,Opened:false,newV:true}}}",
        "minecraft:custom_name": "{\"translate\": \"ulg.item.backpack.purple\",\"color\": \"gold\",\"italic\": false}"
      }
    }
}