{
  "pools": [
    {
      "rolls": 1,
      "entries": [
        {
          "type": "minecraft:item",
          "name": "minecraft:carrot_on_a_stick",
          "functions": [
            {
              "function": "minecraft:set_custom_data",
              "tag": "{ulg:{BackPack:{Inventory:[],CustomModelData:822346,Opened:false,newV:true}}}"
            },
            {
              "function": "minecraft:set_custom_model_data",
              "value": 822346
            },
            {
              "function": "minecraft:set_count",
              "count": 1
            },
            {
              "function": "minecraft:set_name",
              "entity": "this",
              "target": "custom_name",
              "name": {
                "translate": "ulg.item.backpack.vintage",
                "color": "gold",
                "italic": true
              }
            }
          ]
        }
      ]
    }
  ]
}
